name,age,street,city,state,zip,lng,lat
Hannah Saunders,28,60564 Simon Wells,New Chadfort,Wyoming,32088,-79.532933,68.2855355
Julia Maxwell,64,020 Evelyn Center,Blakeburgh,Vermont,03926,-12.280949,-48.4094155
Lisa Johnson,45,57539 Joseph Branch Apt. 435,Port Stephenport,Utah,14472,121.406329,-49.5365655
Marissa Bender,53,61225 Susan Fall,Lewismouth,Ohio,62878,-171.329122,-31.184890
Jamie Marks,50,68373 Bradley Cove,New Jordan,Kentucky,55022,80.050406,-41.0869905
Brianna Petty,26,1102 Hayes Via Apt. 707,North Ernestview,Arizona,59335,130.990302,28.138040
Joshua Manning,41,5412 Thomas Turnpike,Christensenfurt,New Jersey,84465,150.420367,-30.637457
Donald Graham DVM,35,22434 Shaw Underpass Suite 048,Danielshire,Wyoming,72642,-130.698721,-81.677892
Christy Campos,72,7193 Tracy Knoll,Villamouth,Maine,19627,35.667451,-50.944319
Thomas Daugherty,51,767 Bonnie Circle,New Melanie,Minnesota,80991,-154.237859,-41.2466755
Dana Obrien,62,388 Myers Lakes Suite 095,West Elizabethtown,Rhode Island,05276,35.263351,19.1434595
Ronald Barnett,51,9542 Taylor Alley Apt. 924,West Scott,Kansas,44433,92.681005,-66.766009
Brandon Rogers,39,990 Glenn Turnpike Apt. 974,New Jerry,Ohio,80090,-106.613696,-52.2145935
Kevin Mcguire,77,950 Cassandra Plains Suite 543,New Julian,Kentucky,47894,-86.802152,41.1604715
Alexander Beard,61,8202 Kyle Expressway,North Megan,Michigan,96406,47.877661,54.7877065
Keith Daniels,37,9314 Fuller Canyon Apt. 221,Lake Amber,Virginia,75680,144.485980,-52.419207
Kerri Bonilla,45,78248 Cindy Village Suite 035,Katrinatown,Arkansas,33279,-137.584706,3.4924755
Jason Escobar,38,7853 Christopher Forge Suite 049,Wendyport,Pennsylvania,79708,-81.163917,31.389865
Nicole Johnson,76,958 Parker Crossroad Apt. 602,South Marissaton,Illinois,33450,-31.952857,5.045448
Thomas Carroll,19,37889 Kelly Wall Suite 770,Port Todd,West Virginia,33357,122.972942,-24.504239
David Anderson,59,21587 Jonathan Divide,Webbland,Rhode Island,16324,-148.768653,-35.214389
Kimberly Hartman,18,7208 Jasmin Pines,West Juanmouth,Iowa,65722,-86.789546,-74.127495
John Lopez,44,98323 Fuentes Plain Apt. 358,Stevenfurt,Colorado,31262,-17.611192,72.516010
Sarah Brown,80,231 Ball Lights Suite 121,Port Tara,Kentucky,60320,74.274709,-68.7236685
Chelsea Jones,35,4703 Daniel Forest Apt. 134,Dylanville,New Jersey,10458,108.495803,-65.974198
James Wilkins,31,3847 Alec Fords Suite 828,North Victoria,Arkansas,24960,76.384649,-55.288393
Jason Smith,18,6970 Jennifer Garden Apt. 892,South Ashleyton,New Jersey,13681,-104.978965,25.228904
Karen Baker,47,812 Willis Stravenue,Gallaghertown,Texas,55857,124.366640,-12.582007
Shirley Johnston,60,142 Salazar Meadow,Jenkinsfurt,Oklahoma,86992,42.740921,-45.5479355
Nancy Gallegos,77,22845 Howard Park Suite 693,Lake Christopherton,Oregon,33109,-112.138777,38.4255835
Brenda Ryan,48,307 Nancy Greens,Christineshire,West Virginia,34618,-45.935350,10.616982
Michelle King,79,039 Miller Plaza,West Gabrielleport,Wyoming,37222,-21.958284,-28.1085375
Donald Mathews,75,415 Harmon Isle Apt. 051,Brooksstad,Kansas,56545,152.430192,30.0469005
Clayton Barr,43,9802 Patrick Road,New Rachelborough,Utah,16961,21.494401,-27.477790
Joseph Newman,73,0058 Brandon Well Suite 031,Smithhaven,New Hampshire,67918,-108.446994,-30.898255
Jordan White,43,11222 Anthony Vista Apt. 589,Montgomerybury,Kansas,18151,62.001066,-12.880094
Rachel Harris,58,9876 Brown Drive,Lake Marvinmouth,Missouri,71923,-154.301485,61.4125125
Holly Johnson,51,4083 Stevenson Isle Suite 166,Reneefurt,North Dakota,57455,40.226907,-53.118153
Tara Noble,22,41103 Leah Lodge Apt. 733,East Saraside,South Dakota,67888,-59.456689,-58.605718
John Wright,68,65979 Kenneth Roads,North Peterfort,Ohio,72256,-162.420572,-71.693429
Matthew Johnson,75,5367 Katie Squares Apt. 004,Jenningsfort,Iowa,22202,-164.995652,-34.4035115
Maria Becker,18,257 Baker Prairie,Nolanberg,Missouri,83487,-81.018493,82.052782
Alan Harris,57,0257 Sandra Pine,Taylorbury,New York,99447,74.300076,18.844188
Steven Lee,20,1652 Brown Flat,New Stacychester,New York,83462,70.675663,5.3128975
James Steele,59,38470 Victoria Dam Suite 121,Lake Katelyn,Indiana,50501,-84.476664,-4.843650
Donna Gomez,73,577 Crystal Hollow Suite 696,Lake Logan,Oklahoma,25207,-86.497239,-37.313955
Douglas Parker,27,00850 Dalton Hills Apt. 590,Thomasside,Minnesota,08804,-34.652247,-43.469913
John Trevino,62,7010 Lane Ports,New Jonathanview,Rhode Island,66558,-43.654733,-39.8430035
Melissa Sanders,46,16084 Abigail Lakes Apt. 752,Lake Rachel,Kansas,59224,-67.476232,-62.911919
Christopher Michael,23,4045 Jeremy Walks,Karenhaven,Wyoming,26091,51.904702,-49.9798395
Destiny Nichols,55,980 Olson Highway,Millershire,Alaska,51910,-146.274161,15.7143655
Miss Stacy Martin,52,13927 Bonilla Ports Apt. 985,East Christopher,Tennessee,14817,66.419345,25.994862
Diana Jones,36,44587 Sullivan Turnpike,North Audreyland,Oklahoma,04970,-141.597252,-7.554799
Jonathan Jones,31,2991 Clark Creek,Port Bethport,Maryland,31471,-30.057337,25.0405715
Veronica Cooper,71,08707 David Land Suite 671,Kimhaven,Massachusetts,49229,13.094420,49.5902075
Christopher Bennett,74,1081 Janet Squares,North Robertmouth,Virginia,72132,89.902486,-12.270726
Madison Kim,66,226 Murray Mountains,Cherylburgh,Massachusetts,65476,10.654190,-48.6159695
Richard Chen,32,5696 Denise Landing Suite 768,Simmonsbury,Montana,93056,65.119636,-39.7029295
Joseph Crane,59,49625 Maria Mount Apt. 635,West Justintown,Tennessee,67982,128.438686,7.333662
Katie Barrera,34,19863 Beck Plaza,West Rebecca,Nebraska,09345,-110.888917,61.6823795
Matthew Perez,62,3067 Vaughan Turnpike Apt. 055,East Wayneland,Arizona,29753,111.000857,34.4377505
Steven Lee,39,2540 Nicholson Park Apt. 385,Reneechester,Hawaii,31031,124.299207,37.1261245
Elizabeth Williams,71,472 Wagner Canyon,West Billyville,Tennessee,10822,33.591770,3.7229675
Isaiah Bennett,44,8515 Stefanie Village,Gordonberg,South Dakota,92312,-117.865209,-32.5220325
John Payne,49,1474 Taylor Prairie,East Davidbury,Wyoming,82723,-149.421891,51.331887
Javier Deleon,80,31508 Elizabeth Estates Apt. 848,Silvamouth,North Carolina,02431,-125.191263,-34.545981
Makayla Johnson,60,4688 Hernandez Key,Lake Adam,Maine,54110,87.360613,-63.306906
Keith Hill,64,028 Timothy Viaduct,North Brian,Ohio,70479,-103.173350,28.550025
Jenna Paul,58,04883 Stacy Canyon,Kathleenside,Oklahoma,54236,104.879191,-3.523867
Anthony Nash,19,68024 Hensley Gardens,Port Josefurt,California,05999,-94.885764,0.936820
Amanda Stone,22,38128 Renee Garden Apt. 040,West Corey,Maryland,48768,-4.223756,-10.0955695
Daniel Jones,42,39800 Romero Camp,Sheilashire,North Carolina,01701,-12.250158,-45.702884
Jessica Flores,46,433 Young Canyon Apt. 653,Briannamouth,Nebraska,72630,-99.316630,-82.164704
Timothy Herrera,59,62625 Ashley Locks,Jasonmouth,Idaho,29845,-2.514359,84.1737315
Andrew Walker,22,380 Abbott Oval Apt. 726,Hughesberg,Pennsylvania,48347,-1.638519,-31.716783
Gregory Morrow,21,414 Clayton Pass,East Shelby,Kansas,95509,94.799563,-64.016421
Robin Griffin,69,262 Taylor Shoals,Lopezside,Minnesota,84936,101.104630,23.146479
Carolyn Flores,37,159 Richardson Mount,Harrisfort,Connecticut,89326,38.707698,8.8729475
Michael Riggs,35,76915 Henderson Mews Apt. 803,West Helen,Massachusetts,85482,143.692622,68.4349455
Michael Perry,63,81091 Greene Via Apt. 866,New Marytown,Iowa,39172,50.815727,65.9469875
Jennifer Woods,46,7518 Nicolas Park Apt. 211,Flowersside,Tennessee,57957,10.726788,14.2968275
Robert Macdonald,50,14171 Atkinson Curve,North Ashleybury,Ohio,12411,122.074489,-89.3776725
Kathryn Zamora,65,29991 Sharon Branch,Robinsonfort,Washington,89324,45.279570,-81.2119705
Shane Stein,53,88410 Kevin Street,North Darrell,West Virginia,96405,-167.372349,-8.828741
Spencer Gardner,66,3746 Tammy Path,West Chadland,Nebraska,77715,69.196888,-54.403453
James Swanson,18,280 Heather Pine Suite 769,Lake Lindaside,Montana,96150,-135.258190,81.226858
Robert Munoz,74,78599 Scott Mountains Suite 373,West Melinda,Florida,82348,34.240876,53.4840795
Tammy Scott,62,161 Moore Haven,Lake Danieltown,Connecticut,18598,-123.058378,54.5072225
Carlos Thomas,28,815 Wright Gateway,South Danachester,Oregon,77236,-34.375528,89.693378
Cassandra Berg,43,21774 Harris Underpass Apt. 993,Matthewchester,Massachusetts,60514,-81.288305,-24.0997155
Cristina Smith,55,91317 Cummings Via Suite 606,East Steven,Michigan,92731,136.780233,50.4456785
Jacqueline Malone,33,318 Taylor Curve,Monicashire,Nevada,67847,-85.656910,-31.156960
Glenn Ward,29,476 Brandon Club,Port Angelaland,Michigan,51817,-71.663610,5.755231
Jennifer Adams,34,8838 Anita Bypass,Loganborough,Connecticut,47721,-102.474887,20.329917
Harry Harris Jr.,55,893 Hurst Stream,Friedmanview,Alaska,16232,25.681021,-44.9968565
Tracey Sanchez,66,4297 Yu Locks,Jenniferburgh,Utah,75188,-55.035592,-1.2736475
Larry Castro,47,214 Samuel Hill,North Loriville,Illinois,58292,-85.770362,-62.282827
Jeanette Swanson,38,9363 Stanley Extension,Port Keith,Virginia,03424,-26.488831,21.7389905
Michael Stephens,53,23334 Barron Land Suite 822,Benjaminshire,Delaware,78620,-56.513831,-65.5120365
Robert Stephens,24,1322 Bell Shoal Suite 918,New Reneeton,Missouri,53452,-112.799569,20.431862
Ms. Leslie Williams,34,0396 Jon Rue Suite 432,East Angela,Alabama,40393,2.136765,20.6404145
Renee Curry,56,33402 Rodriguez Vista,Port Michaelhaven,Florida,52824,7.514803,-11.159691
Matthew Coffey,26,223 Smith Trail Apt. 372,Evelynview,Arkansas,76902,-115.906644,-79.3201995
Kayla Jackson,19,101 Clinton Flat,Harrisborough,Ohio,61014,-134.379822,77.0619175
Meghan Lawrence,54,9419 Richards Parks,Jaredfurt,Mississippi,03031,-25.447900,-49.9671165
Gabriela Hill,60,2932 Emily Squares,Williamsside,Illinois,88726,155.352765,49.900686
Mrs. Jordan Perez,38,59484 Montgomery Grove Apt. 312,Thomastown,New York,23395,176.228538,63.2205785
Patrick Gray,58,32255 Smith Creek,Port Shannonburgh,Rhode Island,79693,-58.595770,-20.2724205
Lindsay Wiley,45,241 Cassie Rue Suite 804,East Robertfurt,Nevada,25193,96.202353,54.1144785
Brent Stafford,48,957 Garrett Hills,West Larryfort,Colorado,50673,-150.122350,-0.8621625
Mary Fitzgerald,26,62800 Jacobs Flat Apt. 469,Jacksonmouth,Virginia,04904,-110.590027,32.735757
Jonathan Humphrey,25,7727 Sharp Parkways,Rachelshire,New Jersey,27187,177.497323,-25.7563075
Jennifer Tran,69,54053 Mary Light,Bergerburgh,Florida,14694,-114.192319,-22.988349
Sarah Johnson,25,6601 Barbara Cove Apt. 025,East Rebecca,Louisiana,70372,26.332189,-58.302771
Michele Harris,52,90128 Maureen Brook Apt. 822,South Randymouth,New Mexico,51704,118.921030,22.647919
Gina Bates,71,4979 Cook Rest,Alihaven,Idaho,42318,-148.018237,-86.179168
James Hall,28,284 Richardson Lane,East Danieltown,West Virginia,63822,-5.931893,-15.0877075
Cheryl Gray,41,1387 Jacobs Corners Apt. 433,Maryfort,Texas,60888,-11.742233,62.755770
Christopher Lee,68,10681 Holt Centers,West Tonyburgh,Ohio,61060,-165.658390,53.2773465
Laura Guzman,35,82556 Richard Brooks,Julieborough,Iowa,99597,-71.354581,-12.999889
Leslie Johnson,75,805 Hess Plains Apt. 083,West Michaelchester,Oregon,15392,119.502050,48.796899
Cheyenne Wells,41,86712 Marc Crest,Port Renee,Maine,25037,97.020950,43.7476015
Curtis Dalton,27,472 Timothy Ferry,South Catherinechester,Tennessee,14761,37.621190,-39.347519
Christopher Harmon,78,44610 Soto Course Apt. 228,Freyville,Arizona,78868,-109.354237,-20.258443
Kimberly Campbell,49,956 Anthony Meadows Suite 179,Port Scott,Delaware,96792,11.692743,89.6498155
Amy Richards,53,72694 Jessica Streets Apt. 374,Sarahmouth,West Virginia,02261,35.330697,43.8198425
Kelly Peterson,24,36216 Sarah Avenue,East Michelle,Minnesota,66409,145.906048,44.2269155
Luis Velasquez,19,84456 Jennifer Way Suite 034,Mcneiltown,Iowa,35900,-149.495841,38.127763
Jason Boyd,78,72412 Rojas Ways,Lake Traceyton,Maine,37319,0.637668,47.4925585
Carmen Huynh,26,61916 Mckinney Underpass,Christopherfort,Wyoming,39648,-173.354809,-21.5337175
Elizabeth Beck,23,00516 Lisa Fork Suite 439,West Mikayla,Montana,37997,97.612001,30.0171345
Amber Olsen,48,56175 Cruz Station,Port Kelly,Texas,10682,-64.036442,12.7063605
Amanda Stevens,24,041 Brittany Mountains Apt. 659,Jeffbury,Ohio,32905,-140.838747,-10.8733775
Pamela Hall,59,7619 Levine Pike,Porterview,Arizona,22294,92.951983,30.0354335
Jason Nichols,48,556 Castillo Underpass Suite 836,North Megan,Delaware,00709,109.242793,-16.628903
Valerie Rose,57,98637 Bullock Lodge,West Janicestad,Kansas,03412,-64.486817,-65.933186
Veronica West,74,88769 Jimenez Views,West Jamestown,North Carolina,86609,64.791894,51.4814795
Steven Lawson,34,64354 Lewis View,Trujilloburgh,New Hampshire,25508,-72.546443,-70.7491075
Carol Castro,59,819 Thomas Motorway,Gloriastad,New Jersey,84633,67.515367,-66.9798655
Angela Rhodes,57,192 Jenkins Land,Briggsside,Rhode Island,15078,-47.759746,13.8842245
Regina Cooper,26,1209 White Ville Suite 811,Bowmanfort,North Carolina,34703,22.012876,22.145737
Becky Bauer,51,04024 April Island,New Lauren,Alaska,34599,106.963625,-43.194937
Willie Estes,80,1544 Ronald Fords,New Amberfurt,South Carolina,14913,-114.202982,34.1270645
James Sims,41,370 Dylan Gateway,Yoderhaven,Colorado,29312,-27.733233,73.6687895
Nathan Stark,52,1329 Nixon Centers,Lake Alanview,South Dakota,58902,98.348121,72.1440105
James Fisher,31,91856 Jerome Burgs,North Robertburgh,Nebraska,27119,65.329212,-50.595069
Amy Simmons,45,8205 Fletcher Shoal Apt. 945,North Vincent,New Mexico,86835,-60.274389,-83.5966415
Kenneth Mcclure,39,0440 Sims Vista,North Ryan,South Carolina,85559,-10.921510,67.476182
Amanda Chandler,32,66645 Kimberly Points Suite 742,New Randyborough,New Hampshire,39633,-141.614214,-87.483313
Mrs. Theresa White,56,8910 Dennis Village,South Gina,Vermont,06506,-121.639761,-81.499735
Linda Gomez,49,7089 Jessica Center Apt. 045,Loganside,New Hampshire,66977,-150.855799,-70.998699
Dustin Manning,42,4232 Arthur Crossing,Lamberttown,Alaska,81817,122.145151,-42.5751295
Amanda Miller,21,6688 David Canyon Suite 799,North Adamchester,Utah,19790,-126.396003,42.4778355
Sharon Decker,32,45129 Escobar Cove,East Katherine,Rhode Island,67738,-33.859528,-30.0068165
Katelyn Douglas,62,99354 Gonzalez Tunnel,North Melindaview,Hawaii,43153,35.072501,-47.6548135
Jay Rodriguez,68,5750 Shelly Loop Apt. 227,Matthewside,New Jersey,63229,118.201833,64.4987995
Karen Martin,28,71997 Welch Causeway Apt. 174,Mcdonaldshire,North Carolina,96399,-62.529220,46.0866305
Andrew Banks,63,23847 Tina Flats,East Michael,Minnesota,17884,-72.920290,-85.0934805
James Hernandez,55,28230 Maria Crescent Apt. 008,Johnfort,Oregon,87385,-75.340014,-49.3920145
Alexa Collins,18,67866 Michael Islands,Gravesbury,Hawaii,72394,155.284142,-42.147993
Juan Serrano,72,90334 Bailey Corner,North David,Washington,30712,153.216504,12.6170315
Teresa Alvarado,74,53977 Flynn Lock,Port Denisestad,Wyoming,91112,4.170617,-24.681385
Jamie Peters,30,699 Christensen Corner,Sandovalmouth,North Carolina,36178,-78.144764,-44.057496
Lisa Edwards,21,599 Amy Ferry Apt. 511,Elizabethshire,Florida,49138,117.961667,-36.392702
Patricia Tran,48,472 Wilson Cliffs Apt. 367,Lechester,Utah,23350,19.326064,-33.237516
Debra Church,49,741 Harris Street Suite 813,Lake Eugenetown,Alaska,74292,-43.837221,89.552425
Jordan Fry,20,80684 Brian Plaza Suite 411,Keithbury,Nebraska,91080,-4.914053,-27.433547
Margaret Todd DVM,68,869 Becker Garden,Port Charlesland,Hawaii,04708,103.394461,51.148873
Daniel Baker,57,8396 Reid Spur Suite 858,Tannerton,Connecticut,80759,1.375137,-85.0801365
Anthony Wallace,27,727 Rebecca Circle,Cooperfurt,North Carolina,15040,55.242572,37.1619275
Debra Daniel,51,8497 Anna Ridges,Lake Joeview,Kansas,36027,95.713116,9.0232025
Brittany Torres,24,08409 Taylor Squares Suite 991,Port Russell,Delaware,87282,-178.718110,30.096497
Brandon Roth,79,270 Elizabeth Gardens Suite 942,Toddfurt,Illinois,44486,-103.029965,-25.8282875
Chad Arias,35,678 Dalton Crescent,Whiteberg,New Hampshire,07965,18.743407,-33.6040745
Jill Brown,49,95256 Riley Pine Suite 757,New Michaelberg,Idaho,69906,74.599180,-22.1240285
Raymond Hill,62,0063 Linda Forest Suite 972,Rodgersbury,Alaska,81513,162.413183,0.018995
Steven Johnston,30,32131 Belinda Stream Apt. 017,Butlermouth,Georgia,26749,-128.330778,-80.2380105
Joseph Castillo,43,149 Wheeler Stream Apt. 693,Paigeborough,Virginia,04608,-46.117375,38.753171
Jessica Stephens,57,7341 Amber Port Apt. 653,Phillipsview,Tennessee,83974,177.287017,44.2868975
Justin Henderson Jr.,74,3510 Flynn Ridge,East Justinland,New Hampshire,59613,169.797680,16.7022845
Matthew Hill,64,4147 Mercer Ports,Hannahland,Michigan,96015,-81.340779,-3.5220655
David Ferguson,69,83660 Ryan Turnpike Apt. 095,Richardsport,Rhode Island,99231,25.004484,6.453911
Jacqueline Campbell,67,3381 Ryan Lodge,Brownburgh,Alaska,52897,-94.300366,-65.8287075
Charles Arroyo,35,9969 Gonzalez Village Apt. 151,Port Marvin,West Virginia,41753,-143.844840,67.9425655
Christina Rhodes,43,52425 Paige Coves Apt. 213,Joystad,Maine,25536,34.696659,-74.948240
Gabriel Freeman,25,77010 Cook Drive,Collinsport,Indiana,50960,-171.220846,-32.060610
Javier Thompson,52,15176 Hansen Haven Suite 647,Fosterhaven,Massachusetts,10313,8.816553,-39.4765255
Jeremy Smith,35,1387 Morgan Station,Sheltonview,Maryland,86217,117.009106,-40.9508635
Amy Reilly,22,14907 Hubbard Harbor Apt. 362,Smithtown,Ohio,77197,-112.063318,50.8425085
Denise Wheeler,78,9456 Christopher Common Suite 655,East George,Wyoming,49322,-152.137552,81.769279
Katherine Anthony,31,1651 Reilly Fort,Jennifertown,Wisconsin,34603,71.209995,47.5640685
John Martinez,73,7431 Martin Plaza,Jessicashire,Montana,66101,-126.989548,1.9193455
Douglas Stephens,31,89618 Courtney Ferry Apt. 273,West Aliciachester,Wisconsin,36916,74.133474,11.477134
Kyle Adkins,77,162 Perez Extension,South Kylefurt,Mississippi,33470,-14.947797,16.101185
Holly Mcintosh,53,9208 Todd Neck Suite 380,Davidbury,Wisconsin,18515,-70.039403,22.809943
Alejandro Carpenter,37,354 Mendez Ports Apt. 963,Port Paul,Utah,25289,4.946860,70.3460585
Taylor Gross,61,5820 Brad Mountain Suite 637,Port Alicia,Indiana,97142,35.478958,40.6721735
Ronald Wilson,71,053 Banks Village,Coreyland,Hawaii,10007,116.563489,34.5214495
Nicholas Nunez,18,3766 Marquez Junction Suite 254,West Calvin,Colorado,59987,68.706095,-74.190736
Brett Fitzpatrick MD,21,782 Gonzalez Path,South Bradley,South Carolina,64273,51.285728,-85.1837835
Ann Morales,56,938 Sanchez Meadows Suite 141,South Jesus,Ohio,68522,-178.613709,-60.551405
Julie Garcia,69,3326 David Cove Apt. 641,New Darinville,Wyoming,84924,140.070514,-57.0381145
Anna Richardson,63,261 Hicks Mews Apt. 012,Hughesshire,New Hampshire,29493,-120.626607,80.5651435
Karen Harrington,38,6067 Campbell Walks,Teresaland,Oklahoma,45815,128.448628,-32.6975395
Maria Carlson,76,24402 Clements Ridge,Gilbertchester,Massachusetts,23137,35.660900,-1.955871
Edgar Pierce,54,98695 Morrison Roads,Robbinschester,Colorado,43041,-35.915604,-37.543929
Melinda Mata,49,38134 Smith Mission,Schwartzton,Connecticut,25955,-13.029574,20.346064
Christopher Pierce,29,571 Amy Circle Apt. 955,West Brookebury,Nevada,56988,143.297745,-44.812935
Michelle Hernandez,73,40051 Richard Point,Lake Ashley,Vermont,60681,-170.046284,-11.328920
Dylan Brewer,28,96334 William Fort Suite 015,Port Ashleymouth,Nevada,95241,-100.523092,-14.942452
Don Miller,18,373 Linda Walk Apt. 356,Davidland,Vermont,88255,166.905352,88.702744
James Tapia,73,419 Robinson Plain,Jenkinsburgh,New Mexico,59285,74.216431,-3.749493
Jeffrey Stewart,31,00193 Brittney Mount Suite 292,Castanedamouth,New Hampshire,47020,-93.082488,-48.6804385
Lacey Hill,48,54439 Trevor Alley,Frenchberg,Pennsylvania,09976,-156.267015,-52.406954
Tabitha Riley,68,3394 Johnson Extensions Suite 581,Jarvisville,Vermont,05269,163.378337,55.3206745
Wyatt Soto MD,40,295 Russell Plains,Williamsside,North Dakota,31159,58.226727,1.0700355
Kara Warren,42,019 Jose Manors Apt. 765,Josephview,North Carolina,74571,-55.190798,-4.5889465
James Stewart,23,347 Smith Plain Apt. 944,Silvahaven,New Hampshire,85750,12.443765,78.1977925
Glenn Cox,58,94430 Davis Shores Suite 524,Howardport,Massachusetts,40956,-70.980248,55.3852765
Megan Gonzalez,38,479 Luis Extension,Port Randy,Utah,56355,29.811397,-86.323049
Shelia Scott,21,4293 Mccall River,North Robert,Florida,81451,-113.773545,-74.7748075
Andrew Pham,36,325 Hoffman Highway Suite 113,Port Shawn,Alabama,79806,72.609132,-62.2709055
Stephen Hunter,68,572 Elizabeth Burgs,Bradleyville,Texas,17799,97.929284,-9.432672
Steven Hernandez,63,5383 Garcia Key Suite 795,Lake Margaretfurt,Kentucky,06712,79.448528,46.2605085
Luis Hansen,51,3293 Sarah Forest Apt. 609,Victoriatown,Oregon,32115,17.970595,-79.862493
Pamela Obrien,58,169 Kevin Rue,Lake Wayneview,Texas,40439,-154.739071,-56.4755075
Darren Hall DDS,78,9557 Jennifer Road,East Lisaview,Wyoming,37769,-55.992816,-25.514223
Daniel Watson,24,9438 Stein Center,East Markberg,Wisconsin,08152,-48.137491,-20.324374
Michael Adams,26,39280 Nicole Brooks Apt. 412,Amyton,Rhode Island,52023,-176.398567,71.5017025
Melissa Dean,26,575 Conrad Vista,Boydborough,New Mexico,31382,-157.508012,0.5745135
Jill Baxter,53,1415 Garcia Landing Apt. 431,East Michellemouth,Wyoming,35651,1.146432,-61.5772775
Karen Smith,74,294 Lloyd Neck,New Garrettberg,Alabama,81913,91.469802,-25.213949
Kimberly Wright,44,82104 Kelley Circles Apt. 935,Hollyton,Wisconsin,02084,-80.038387,-0.4757785
Charles Rogers,42,2289 Velasquez Plaza Suite 955,Jameshaven,Hawaii,16057,-28.353243,16.794432
Erica Mayo,26,204 Robert Run Apt. 219,Weaverburgh,Wyoming,11330,-143.279798,-77.4893675
Jonathan Schneider,54,4428 Matthews Mountain,New Jeffreystad,Oklahoma,41282,-9.947062,-66.098872
Richard Peters,75,248 Hawkins Alley,Port Preston,Kansas,37174,95.251474,63.309145
Laura Sullivan,79,6088 Larsen Rapids,Port Michellemouth,Massachusetts,94038,63.237825,37.754865
Ms. Susan Peters,41,955 Sarah Union Apt. 757,New Mario,Wisconsin,82367,-18.681969,85.8739225
Jamie Leonard,33,426 Jon Spurs Apt. 472,Port Tammy,Vermont,76947,119.464333,-56.7332655
Michelle Miller,31,334 Jeremy Courts,New Jasontown,Vermont,66840,-114.070830,-24.2364605
Elijah Navarro,74,324 Sonia Rapid,Brownland,North Carolina,66340,-27.092753,-60.3214835
Emily Compton,28,3751 Shelia Lake Apt. 058,East Laura,Oklahoma,07625,-92.747858,22.4228355
Tiffany Spencer,62,283 Christian Greens,Jeffreychester,North Carolina,86600,-126.390470,-51.3989405
Kimberly Hall,26,91674 Lori Mission Suite 037,New Kenneth,West Virginia,00525,-97.601772,-62.380331
Elizabeth Mcmahon,62,7795 Phelps Forge,North William,Massachusetts,57947,122.276602,-5.519420
Russell Hernandez,78,6030 Williams Hollow,Lake Jennifermouth,Pennsylvania,08488,18.762746,-42.6780595
Mr. Daniel Smith Jr.,80,718 Aaron Walk Apt. 150,Port Timothyfurt,Maryland,41385,95.047841,69.053484
Cheryl Logan,70,6571 Dawn Ranch,Port David,Washington,61661,-41.519048,-5.116107
Douglas Rodriguez,37,594 Teresa Plaza,Krystalborough,Wisconsin,86160,107.120754,-43.7745905
Ronnie Mcclain,43,2562 Perez Plains Apt. 442,South Kristen,Ohio,30469,-45.182546,-35.7327135
Anthony Castro,38,0825 Darrell Curve,East Christina,Washington,10009,-53.360604,0.3101775
Amanda Oconnell,61,3065 Wendy Prairie Apt. 787,Lopezborough,Oregon,72310,-94.953176,13.796773
Donald Adams,30,670 Gray Lake,Jillianfort,Washington,85040,76.264730,22.9257085
Jose Hughes,45,6261 Lewis Lakes,West Wendy,Virginia,60273,110.196649,-88.8962685
Christina Wood,58,7211 David Shores Apt. 692,Robertview,New Jersey,37137,-69.799574,-47.7350515
Kelly Perry,20,2890 Kim Key Suite 814,Allenchester,Alabama,06308,88.774097,85.5532665
Stephen Church,35,044 Paul Summit Suite 248,Bryanland,Kansas,87797,-45.594500,0.1795325
Richard Odom,67,19632 Travis Field,Karafort,North Dakota,39827,-111.878096,-36.690273
Robin Ramos,27,67898 Williams Burgs,New Eric,South Dakota,83375,-116.886388,-68.3133355
Ann Gomez,37,3599 Gardner Locks,East Austinland,California,45985,-174.184787,-76.8140085
Kristen Wolfe,72,40064 Henry Center Suite 540,Taylorburgh,California,20373,10.920760,55.2035925
Daniel Mullins,37,226 Blair Centers Apt. 363,Kellyville,Arizona,96727,112.257430,-59.118150
Amy Trujillo,65,25944 Weber Knoll,Mortonview,Delaware,65179,-54.119354,-40.982065
Melissa Golden,33,252 Craig Shores Apt. 132,Lake Tina,Missouri,27902,-29.318645,45.6872365
Mercedes Phillips,27,38683 Paula Square,Tanyamouth,Texas,40152,-44.767710,-32.272111
Katelyn Silva,40,1182 Barbara Forks,Josephton,Idaho,82072,104.249317,-10.038869
Omar Nguyen,70,78050 Turner Harbor Suite 132,Amyshire,Arkansas,22928,-14.184635,38.732362
Elizabeth Hill DDS,54,07345 Cassandra Run,Lake Jenniferberg,Rhode Island,11137,-28.548215,-43.7496485
Haley Clark,77,875 Morton Lodge Apt. 520,Lamburgh,Illinois,69897,69.310037,-87.788912
Eric Phillips,55,01242 David Field,Port Johnland,Delaware,59535,25.674521,-8.7229215
Nancy Henderson,66,0583 Caroline Inlet Apt. 551,East Brittanyside,North Dakota,80619,169.151288,85.6535315
Pamela Cruz,19,6953 Jacob Way,South Diane,New Mexico,21944,27.513412,-20.497280
Louis Wong,78,766 Murphy Squares Suite 820,Stephaniefort,Indiana,71808,-118.388172,16.753420
Joseph Brown,64,385 Wilcox Underpass,Butlerside,Illinois,91653,-133.045682,2.2873335
Christopher Knight,31,070 Derek Ridges,Phamville,New Jersey,79094,-10.661736,-65.6903445
Holly Sharp,55,368 Michael Glens,Carpenterview,Rhode Island,72802,-35.336619,41.4649075
Crystal Gonzalez,22,1684 Charles Overpass Apt. 046,Baxterbury,Tennessee,70352,68.053985,-83.1424565
Jeremy Swanson,37,8444 Baldwin Throughway Apt. 430,Millerburgh,Alaska,45154,34.343609,56.955003
Charles Barron,34,141 Campbell Lodge,Lake Katrina,North Carolina,61401,-127.207994,19.9137075
Donna Matthews,22,0856 Karla Way Suite 957,Johnsonstad,Idaho,52701,136.068190,-63.279295
Albert Esparza,32,079 Woodard Pines,New Sharonview,Georgia,52128,18.714738,73.890748
Jay Flores,71,95426 Kurt Parkway Suite 643,South Stevenmouth,Louisiana,85605,-13.805375,16.095401
Howard Perry,71,2548 Derrick Road Suite 910,Bernardburgh,Ohio,58532,47.660590,-42.883721
Douglas Jones,46,73782 Warren Unions Apt. 380,South Michaelville,Pennsylvania,93814,122.273887,-0.4797435
Allen Boyd,25,7068 Kaitlyn Harbor Suite 742,Lake Larrytown,Oregon,35498,77.116737,-40.0198675
Mark Barton,54,23849 Megan Knoll,East Amy,Nevada,07822,155.701443,-75.4167645
Cody Richards,64,7874 Jennifer Key Suite 909,Hernandezport,Virginia,20345,68.290900,-66.4972065
Nathaniel Gray,32,0138 Carolyn Tunnel Apt. 470,Port Davidview,Alabama,78594,-77.304725,-32.030050
Angela Gonzalez,54,378 Anthony Fort,Smithmouth,Arizona,09481,-137.811375,-76.3505565
David Torres,47,891 Mary Terrace,Jasminemouth,Georgia,87823,-25.734638,-75.7657375
Justin Richard,54,62465 Miles Harbor Apt. 669,New Jordanstad,Wisconsin,76619,118.828775,50.707771
Sarah Lyons,52,478 Christine Fort Apt. 539,Johnsonburgh,Colorado,55299,10.340362,87.6417305
Christina Mckinney,43,72577 John Fields,East William,Alabama,44003,59.566613,53.228917
Julie Thomas,68,623 Anderson Rest Apt. 596,Hunterland,West Virginia,87370,28.888223,-34.954272
Joseph Hernandez,47,5760 Carroll Dale Apt. 414,Cisnerosbury,Alaska,00975,-118.429254,-55.215717
Mark Bell,46,0198 Anthony Port,Darrenville,Maryland,10326,-81.085809,-9.300641
Elizabeth Harris,49,28249 Alicia Walk Suite 162,South Pamela,Massachusetts,96824,125.628789,0.4574525
Victoria Herrera,43,642 Fernandez Club,Parkerberg,Colorado,32884,77.492252,39.8082515
Craig Durham,41,086 Jessica Views Suite 344,New Matthewton,Arkansas,03084,-146.524070,-10.401475
Mark Webster,75,7222 Joshua Street,Michaelburgh,Michigan,90277,-124.410536,-42.5781485
Hector Cooper,35,905 Hall Greens,Bryantburgh,Washington,67605,3.243652,84.1350025
Mitchell Mata,37,40055 Nielsen Shoal,Port Matthew,New Hampshire,02144,45.229371,-80.391175
Alicia Hall,69,528 Eaton Coves Apt. 226,Calebland,Alabama,02973,105.297089,24.6237765
Travis Pearson,26,3192 Jackson Oval Suite 839,Wheelerside,Connecticut,25890,3.619490,-86.1900825
Mary Fuller,54,90536 Armstrong Lodge,North Edwardmouth,Nebraska,27730,78.579776,-69.854196
Benjamin Dixon,27,304 Townsend Dam,Nicolemouth,Minnesota,24261,-23.127979,87.0335525
Greg Martin,25,338 Andrade Fork,Stephanieside,Nebraska,85164,-126.088822,-79.508158
Dorothy Gibson,45,1598 Crawford Passage Suite 807,Daymouth,Tennessee,90615,-48.664334,-42.145563
Joseph Phelps,34,385 Peters Village Suite 967,West Toni,Indiana,96854,173.422034,23.880681
Wayne Wilkinson,56,8960 Lee Manors Apt. 100,Stewartberg,Arizona,97197,135.675101,-46.4900305
Samuel Nelson,79,363 Perry Isle Suite 590,Lake Walter,Oklahoma,35278,-123.232006,61.2777375
Ashley Miller,47,8122 Johnson Green,Gomeztown,South Carolina,98318,121.664479,-43.7401645
Carolyn Matthews,41,13312 Diaz Flats,New Jeffrey,Tennessee,46809,105.810983,6.0174385
Amber Harrell,72,10098 Franklin Forge,Mcdowellborough,Minnesota,95695,-65.097799,32.991264
Courtney Wilkins,69,69614 Murphy Courts,Reyesbury,Oregon,11452,107.551328,28.695058
Todd Mathis,45,0988 Mcintosh Wells Suite 847,Port Carrie,Tennessee,21652,74.157806,51.017344
John Jenkins,55,9439 Vaughn Villages Suite 654,New Christophermouth,Kansas,73947,165.085874,11.9924295
Emily Wu,62,76821 David Gateway,New Dennis,Wyoming,83435,145.494318,-69.5525745
Edward Humphrey,32,2994 Timothy Overpass,Lake Jessica,Delaware,69031,-82.850168,10.281028
Michael Hess,24,72353 Yoder Parkways,East Thomasburgh,Kansas,88717,155.508680,17.8206015
Shane Torres,53,513 Steven Forks Apt. 456,New Chelsea,Alabama,18012,-139.915513,-42.250962
Kelly Williams,39,038 Jeremy Ferry,Meganport,Massachusetts,26767,61.217475,51.849735
Michele Adams,54,686 Paul Glen,West Rachelfort,Colorado,97528,37.183287,33.844192
Michelle Daniel,51,87501 Norman Crescent,Port Luis,Michigan,47076,-177.326333,88.2810475
Larry Preston,40,4689 Mark Lakes,Brewerside,Utah,90928,5.620858,-77.495251
Sandra Moses,48,443 Michelle Ford Suite 278,Garciaton,New Mexico,86663,-75.787415,-64.3074465
Elizabeth Stewart,71,6600 William Plains,Joshuachester,Nebraska,95909,-19.953148,49.553208
Donna Tyler MD,80,1917 Huffman Trail Suite 241,New Troymouth,Colorado,62056,83.081436,78.984833
Thomas Reynolds,34,9435 Daniel Overpass Apt. 090,South Wayne,Kansas,55036,-58.405166,-0.9689865
Bryan Scott,64,935 Howell Mall Apt. 029,Port Jennifer,South Dakota,49721,-33.836462,-62.4357495
Thomas Le,54,491 Judith Crossing Suite 777,New Kurt,New Hampshire,38582,23.029091,-8.9876335
George Silva,43,6032 Mitchell Greens,East Elizabethland,Colorado,44289,102.576301,14.788080
Teresa Harrison,39,71046 King Mount Suite 928,North Ericland,Washington,93851,105.285463,-23.7925765
Barbara Fisher,75,264 Mays Village,Port Christopherville,Alabama,32881,-36.471480,-58.4546705
Mason Lawrence,67,90670 Raymond Underpass,New Christopherstad,North Carolina,75112,-143.930270,70.8067805
Angela Jordan,20,423 Tina Pines,Andrewmouth,Louisiana,55012,67.445949,-28.837803
Tiffany Raymond,59,3285 Richard Garden,Lambtown,Arizona,15873,167.235791,-78.5337655
Miguel Butler,79,4310 Stephanie Courts Apt. 710,Lake Theresastad,Maryland,07783,136.598000,44.1640915
Brendan Patel,23,72695 Zimmerman Crossing,Douglastown,North Carolina,95958,130.703672,11.345552
Carolyn Smith,25,032 Jared Prairie Suite 579,Lake Nathantown,Maine,83031,35.151758,63.0439065
Kayla Ortega,50,973 Harris Fields Suite 599,Acostaborough,Indiana,52532,5.563560,88.276918
Jaime Smith,46,59828 Brown Lights,West Coryview,Iowa,68302,133.972335,50.607690
Ashley Watkins,36,23373 Hahn Junction Suite 013,Port Elizabeth,Utah,80104,-52.802505,-13.695132
Jesse Morris,35,96172 Wilson Corner,Jamesbury,New Hampshire,49812,69.325640,-49.3389515
Kristine Watson,57,1203 Connie Well,Cameronchester,Illinois,64522,-140.319248,-16.367951
David Valentine,62,859 Sheena Highway Suite 603,Lopezburgh,Washington,28747,-119.801226,-37.8129385
Jessica Adams,46,3032 Clark Gardens Suite 323,Pottsport,Kentucky,89851,-166.316112,40.986635
Wanda Taylor,21,888 Glenn Knolls Suite 354,Nicholasburgh,Indiana,82172,-70.351421,71.0393625
Ryan Erickson,30,6151 Baker Mission,Ryanview,Virginia,39515,89.126388,-15.720253
Tracy Pena,27,5687 John Falls,Jeffreystad,Utah,24202,170.394564,-59.4195265
Travis Mccann,52,75860 Matthew Route,Michaelbury,Washington,68533,15.387796,69.845173
Erik Jackson,54,4329 Anna Avenue,South Christopher,Louisiana,30229,14.340982,23.8735035
David Harris,67,1295 Daniel Circle,New Edwardtown,Kentucky,55234,-57.833417,51.941467
Kayla Reed,23,2475 Rocha Fork,North Jeff,California,08639,116.677086,-71.6875555
Harold Stevens,53,709 Rogers Causeway,Johnsonfurt,Kansas,73920,4.300066,49.6061585
Paul Harris,41,722 Perez Overpass Apt. 471,Reneefurt,Montana,30750,-35.563029,-4.4422445
Heather Smith,61,497 Rodriguez Radial Apt. 122,Natashamouth,New Jersey,75873,-123.456394,73.392198
Paul Miller,28,386 Sara Row Apt. 510,Jasminechester,Pennsylvania,57424,-53.150417,33.717885
Chelsea Patterson,61,2377 Shields Freeway,Hansenhaven,Massachusetts,50885,127.682176,-10.4453955
Valerie Johnson,20,100 Cooper Wall,Port Angelaland,Nevada,32020,107.441471,-40.219317
Stephanie Greene,34,409 Wood Pass Apt. 627,North Brett,Nebraska,58671,-7.588894,-48.986383
Charles Jackson,53,4642 Edward Well,West Terryland,Washington,90506,-174.562413,34.082674
Nathan Miller,34,89607 Thomas Expressway Apt. 442,Murraymouth,Pennsylvania,26319,-125.386996,51.177374
Michael Rodriguez,30,824 Anita Bridge Suite 568,Robinmouth,Delaware,66915,-109.521988,74.774073
Barbara Adams,49,414 Alexis Glens,West Connie,Ohio,79602,22.832059,10.734833
Jason Bean,39,134 Mccullough Inlet Suite 616,South Colleen,Rhode Island,56359,74.873186,-87.929016
Alejandro Lindsey,40,417 Patrick Underpass,East Caroline,Montana,57862,-122.029417,7.9274785
Paul Nelson DDS,43,185 Hill Tunnel Apt. 988,Dillonstad,New Mexico,09582,-12.933955,-66.7601805
Michael Cruz,56,160 Valerie Row Apt. 803,Howeport,West Virginia,76073,-70.826202,-75.8171855
Shannon Williams DVM,52,379 Hughes Ranch Suite 433,Jessicaberg,Missouri,87463,-123.143895,11.4304745
Misty Mosley,24,74659 King Walk,Lake Pamelaborough,Minnesota,07904,21.805904,89.0592155
Darren Diaz,56,18902 Mccann Lake Apt. 261,East Sharonchester,Rhode Island,86679,36.332011,-73.062644
Lisa Marshall,33,923 Cross Stravenue Suite 301,South Ashley,Maryland,04125,156.800032,71.0670985
David Weaver,66,111 Ashley Lock Apt. 631,Estesmouth,Michigan,52497,-89.595336,32.9634125
Kendra Garcia,21,3864 Raymond Isle,Lindsaychester,West Virginia,51072,77.683339,47.6350045
Linda Leblanc,65,940 Mendoza Vista,Lake Wayne,Nevada,53110,175.495246,-30.280482
Brandon Hall,77,373 Todd Crossing Suite 774,Lake Anthony,Idaho,08745,-49.095917,-52.100172
Jason Goodwin,59,5273 Fernandez Turnpike Apt. 760,Stephensburgh,South Carolina,03199,-55.212055,-70.2988915
Regina Vincent,60,4409 Todd Lane Apt. 280,Port Lauren,Arizona,30089,140.066644,-12.471006
Derek Mejia,60,4281 Jonathan Parks,East Ann,Illinois,03004,45.878791,44.139429
Joseph Duncan,28,36945 Conley Summit Suite 094,East Dylan,Utah,59894,39.549964,-49.179960
Jill Peters,58,068 Brian Dam,Francohaven,Connecticut,37210,-39.195728,33.9139445
Timothy Castillo,62,4353 Alyssa Loop Apt. 511,Lake David,Indiana,33867,126.012536,21.7270075
Molly Carter,55,2248 Thomas Highway,Lake Shawn,Kentucky,32383,88.390570,77.587511
Robin Thomas,22,9113 Walker Brooks,Lanceside,North Dakota,28362,-142.863957,-70.6589575
Dean Anderson,51,657 Jared Meadow Apt. 006,South Michelleville,Tennessee,14985,-97.052233,-28.404310
Sharon Valentine,55,8642 Wood Burgs,Jeremymouth,South Carolina,34105,-128.616231,42.040805
Amber Howell,34,385 Danielle Underpass Suite 877,South Brianfort,Kansas,86030,-156.642585,12.1008085
Ernest Hodges,54,0617 Wilkinson Roads,North Margaret,Oklahoma,58881,-120.613816,-0.852941
Jimmy Wang DDS,65,475 Flores Terrace Apt. 866,Port Leslieburgh,South Carolina,38243,66.780922,39.7416665
Victor Ford,61,8081 Santiago Corner Apt. 792,Coreyton,Massachusetts,49433,59.687781,59.2049205
Victor Harris,32,842 Le Cliffs,Port Joseborough,Indiana,97382,145.222612,-42.1617995
Lisa Smith,58,0340 Jose Valley,Port Lori,North Dakota,19051,-80.616253,23.754474
Cindy Williams,39,756 Powers Dam Apt. 082,Tanyaton,Wisconsin,69998,-6.806280,-47.7602325
Mr. Eric Bush DVM,64,06872 Allen Village Apt. 522,Valdezton,West Virginia,43004,129.089383,40.064724
Jessica Higgins,18,0069 Jonathan Springs,Robinbury,Arkansas,12708,-56.835746,62.8952955
Edward Hansen,65,020 Douglas Loaf Suite 966,Courtneyborough,New Mexico,26610,135.029688,-50.476867
Dustin Roberts,69,080 Garcia Crossroad Suite 918,Kellyfort,Indiana,15392,-59.270188,-64.6908455
Jacob Hubbard,78,787 Martin Harbors Apt. 122,Longmouth,Arkansas,21993,-136.036725,-23.188412
Jennifer Krause,56,938 Edward Wall Suite 491,Brandonchester,Oklahoma,93382,-110.429328,25.4095685
Michael Patton,64,3813 Bridges Skyway,Potterfurt,California,71460,-140.686425,-36.072516
Jasmine Bray,35,2391 Smith Pike,Lake Davidtown,Michigan,84371,128.503663,47.491935
David Martin,56,864 Lauren Crest Suite 017,Duranberg,Iowa,79473,65.625951,-31.105049
Amanda Cannon,40,328 Dunn Dale,New Cindy,Oregon,85318,-132.401275,-71.329856
Elizabeth Harris,21,1147 Owens Viaduct Suite 616,South Jessicastad,Idaho,85740,-8.846589,88.500103
Margaret Singh,58,325 Burton Creek Suite 494,West Melinda,Delaware,42121,-82.191256,30.4561385
Rebecca Ward,48,152 Michael Flat,Nolanchester,Massachusetts,15050,104.075895,53.172088
Stephanie Reynolds,26,939 Jay Common Suite 671,New Mckenzie,Georgia,11644,-84.097533,75.5581185
Kelly Allen,49,2908 Wendy Viaduct Suite 755,Adkinsburgh,California,96324,99.207397,-32.4715185
Emily Bailey,51,357 Brooke Extensions Apt. 582,South Lisa,Mississippi,04299,-83.313723,-84.4792795
Karen Lopez,39,788 Monica Plain,Sarahfurt,Missouri,28611,-106.934440,58.2777905
Karen Lucas,19,52066 Danielle Dam,Johnsontown,Delaware,53750,89.822008,20.318709
Brandon Gonzalez,42,185 Teresa Lodge,West Brandontown,Utah,51786,-38.693682,64.6900835
Shannon Thomas,58,939 Christina Valley Suite 522,Johnsonbury,Kansas,06567,-34.547633,38.337974
Adrian Ellis III,30,92735 Todd Parkway,Duncanton,Kentucky,39547,16.220377,31.2511705
Taylor Scott,40,219 Rachel Plaza Suite 803,Alvaradomouth,Pennsylvania,00824,-58.733991,41.3850785
Robert Long,51,496 Alexander Views Apt. 375,Port Ashley,Missouri,29312,25.929373,-78.521750
Emily Wells,18,614 Thomas Lock,East Calebmouth,Georgia,05144,164.619393,42.0848315
John Davis,75,4864 Robert Square,Jessicachester,Montana,77807,86.940912,-2.559703
Patricia Juarez,49,01854 Ariel Inlet,Port Katherinestad,Arizona,84205,169.790854,-55.4872265
Amanda Church,32,1204 Smith Stream Apt. 445,Wallsshire,Oklahoma,62130,-30.982288,82.0966955
Victoria Martin,40,94069 Scott Junctions,Port Patrick,Massachusetts,24148,-85.779812,-52.141470
Lisa Brown,55,2281 Flores Alley,Mooneyville,Illinois,81089,-7.178799,65.573726
Dustin Leonard,47,1554 Michael Ranch Apt. 367,Port Spencer,New Mexico,55432,-5.545062,22.3918545
David Young,35,92498 Cynthia Creek,Mathisburgh,Florida,02224,-33.560376,85.335426
Renee Durham,71,11989 Contreras Route Apt. 170,Lake Kennethville,Utah,24865,177.657144,67.1985775
Emily Hodges,79,634 Burnett Vista Suite 997,West Matthewville,Alabama,61351,-103.636934,-16.5196405
Caroline Monroe,31,5144 Nicole Orchard,Williamchester,Arizona,98062,44.300339,36.4063395
Jacob Simpson,56,559 Walsh Throughway Apt. 420,Saraville,Massachusetts,78886,-35.384414,-30.910894
Teresa Sandoval,30,59670 David Valley Suite 704,Andrewtown,Tennessee,28421,20.197907,43.339899
Doris Burnett,71,2910 Williams Points Apt. 686,Richardtown,Texas,42256,-71.682215,12.0929795
Daniel Booth,48,201 Victor Trafficway,Port Colleenbury,Massachusetts,81591,133.992136,40.496802
Diana Kaiser DDS,33,24707 Johnson Street Apt. 694,Brendaburgh,South Carolina,38469,-121.294017,-88.1372645
Richard Mosley,36,7738 Melissa Manors Suite 108,Thomasview,Utah,96554,-70.975252,23.5542045
Brianna Ibarra,41,37150 Tyler Locks,Amystad,Arkansas,12412,73.406189,57.691944
Tammy Montes,30,5684 Allen Forks,Murphybury,Indiana,38000,-134.529463,-73.3450865
Miguel Lang,56,5080 Salazar Streets,Lake Stephanieshire,Oklahoma,57576,-129.073136,13.091052
Matthew Nelson,56,4341 Haynes Falls Apt. 724,Johnsonburgh,Maine,26503,-88.588903,-21.971463
Michele Simmons,57,565 Chelsea Crescent Apt. 259,Stevestad,Arkansas,06915,-99.346037,-7.391369
Ashley Craig,30,889 Zimmerman Springs,New Emily,Tennessee,58457,87.385870,-37.7536865
Adrian Dixon,40,9049 Derek Neck,Adamsburgh,South Carolina,59110,151.482748,31.4436335
Matthew Rodriguez,77,293 Farrell Turnpike Apt. 647,Kellyhaven,Nevada,75174,49.479338,7.627250
Mario Ryan,73,1873 Sean Burgs,East Paulburgh,Kansas,96725,-11.562744,64.0502605
Joseph Green,53,0649 Claudia Road,South Tiffany,Massachusetts,60528,-1.063394,0.5392185
Jeffrey Torres,43,53804 Hickman Square Apt. 448,New Mary,Illinois,79783,-152.417161,80.4132745
Elaine Cortez,18,087 Amy Loop,North Dylanhaven,Nebraska,64836,113.892268,81.2034245
Charlotte Robertson,72,0040 Hernandez River,Griffinfurt,Texas,31087,2.530190,-75.9189865
Molly Davis,59,2627 David Isle Apt. 943,Hendrixland,New York,57708,-34.003876,-41.5064175
Chelsea Berger,38,06060 Jay Neck,South Jaredside,Pennsylvania,97306,48.356769,-25.9252275
William Joseph,63,9874 Taylor Avenue,Fishermouth,Maine,08315,-20.449126,-77.4072025
Erica Clark,47,4025 Don Underpass,Trujillofurt,Maryland,49153,154.195564,21.6467995
Jason Goodman,53,9344 Allison Springs Apt. 630,West Kelsey,Connecticut,89700,-173.881094,-16.4709585
Kenneth Jacobs,67,91334 Erin Center Apt. 084,South Melissamouth,Maine,12073,-34.896971,-20.9164925
Gina Patel,63,7706 Mary View,New Katelyn,Ohio,06205,35.456557,-14.7383065
Daniel Jordan,25,867 Brown Ford,Raymondstad,West Virginia,85244,-172.874128,-0.481567
Tina Hickman,35,9243 Steven Estates Apt. 833,Andersonborough,Georgia,17938,14.819026,-87.0133925
Krystal Ford,24,042 Boyd Gardens Suite 999,North Christineview,Alabama,83585,-50.474767,-50.104631
Jeffrey Flynn,30,124 Claudia Ridge Apt. 192,Brownhaven,Iowa,37320,46.403505,-36.774663
Alfred Barnes,45,650 Smith Ferry,South Melissa,California,75956,-15.537078,59.078612
Yolanda Smith,22,27835 Warner Tunnel Suite 371,Michaelbury,Wyoming,07556,-87.968919,5.975493
Nancy Wolf,41,144 Blair Drive Apt. 332,Jasonland,Kentucky,95912,172.059887,23.906180
Richard Valenzuela,64,88226 Hunter Forks,East Victor,Massachusetts,74242,-122.465720,-72.344372
Karl Reid,57,0503 Douglas Pine Suite 964,South Tristanfort,Hawaii,56378,17.790202,-8.5311125
Jennifer Smith,77,72012 Aaron Viaduct Apt. 046,Port Angelaland,South Dakota,27652,41.520483,-69.0654255
Teresa Clark,18,137 Stephen Springs,Pachecoburgh,Louisiana,23988,142.331245,-7.9436015
Molly Hernandez,78,979 Megan Plains,Port Coreyside,Nebraska,94321,87.552213,-76.5195425
Jonathan Tucker,39,74349 Walter Plaza Apt. 002,South Erin,Kansas,81776,93.353922,-63.2607995
Katelyn King,47,12960 Jessica Centers,Christensenland,Massachusetts,62934,67.177483,-44.550543
Cassidy Saunders,58,96303 Mills Springs Suite 247,Port Suzannechester,Pennsylvania,70409,-164.624678,7.2933465
Frances Martin,35,160 Garrison Spurs,Lake Calvinport,Rhode Island,56538,69.444672,38.793225
Justin Bradley,54,92464 Hebert Drives Apt. 228,Howardton,New Hampshire,59335,163.348066,-34.9126505
Eric Howard,31,5399 Thomas Prairie,Tiffanytown,Tennessee,33311,-1.422585,85.5135635
Nicole Carr,35,27300 Carl Ports Suite 320,Charleshaven,North Dakota,12320,53.194876,-87.503514
Susan Graham,77,9696 Lewis Trafficway,Smithton,West Virginia,22107,-161.005645,-86.8785325
Maria Cook,18,842 Eric Loop,East Teresa,Massachusetts,12142,-5.037859,45.777284
Mr. Jeremiah Hayes,32,6804 Robert Mountains,Port Mark,West Virginia,43701,-1.783450,-64.1951835
Susan Kim,79,801 Sandra Summit,Micheleberg,Connecticut,69541,-103.451814,63.286862
Susan Clark,78,5464 Cruz Oval Suite 800,Devonside,South Carolina,42220,-128.301860,-66.3688655
Ronald King,67,012 Nunez Walk Apt. 032,West Timothyport,North Carolina,86482,-32.518218,-30.221487
Michael Edwards III,39,5270 Dustin Springs Suite 691,East Lisaberg,Kentucky,10599,-130.792954,78.693308
Kevin Pacheco,53,3954 Lisa Creek Apt. 504,Lake Steven,Michigan,13310,-111.940479,24.217136
William Hull,70,5615 Thomas Crossing Suite 802,Robertsmouth,Michigan,10702,110.994659,-75.462899
Dr. Joel Taylor,64,74628 Hernandez Mountain Apt. 770,Taylorchester,Ohio,62499,-98.515071,-52.287497
Christopher Allen,47,716 Johnson Circles,East Brenda,Georgia,13864,-159.116666,27.827420
Jennifer Barajas,79,878 Scott Roads,Lake Lisaburgh,New Mexico,74241,-36.944473,89.4284365
Penny Gardner,44,01146 Kimberly Way,Joelside,Georgia,87452,100.420011,14.6650025
Michael Becker,73,257 Stacie Shores Apt. 739,East Moniquechester,Idaho,33787,115.767461,50.802344
Tiffany Johnson,24,251 Jessica Terrace,Lake Sheilafurt,South Dakota,00625,-26.831641,48.725854
Cheryl Johns,73,044 John Freeway,Martinmouth,Colorado,42019,43.411915,-78.085728
Bruce Farrell,69,430 Roberts Hill,Reidstad,Virginia,73891,63.668135,29.1093725
Anne Sheppard,80,754 Williams Branch Apt. 014,Thomasville,Indiana,54617,113.178876,80.742322
Dawn Suarez,69,1994 Carr Brooks,Kylemouth,Florida,12613,25.153096,33.959698
Mathew Smith,43,741 Decker Harbors,North Jasonshire,Colorado,35509,11.712556,85.6199225
Frances Wright,78,3179 Wood Camp,Howardborough,Alabama,23953,74.613361,11.840856
Jose Kelly,49,45945 Bailey Rapid Apt. 226,South Mariaside,West Virginia,70199,133.389131,-78.4916685
Logan Browning,18,00883 Richard Walks,Knightchester,Pennsylvania,50872,-174.103900,-35.007756
Betty Barron,59,0080 Williams Mall,Phelpsbury,Idaho,30769,89.299722,1.143856
Andrew Payne,59,55845 Wilcox Mountain Suite 738,West Rebeccashire,Connecticut,59896,-83.748030,-71.321200
Nathan Watson,31,548 Caitlin Inlet,West Matthewland,Vermont,90081,-23.281064,20.8598615
Christopher Goodwin,44,3496 King Ramp Apt. 508,Obrienshire,Montana,47577,0.376354,-63.6654285
Mr. Hunter Reed,41,25030 Anne Lakes,North Shelia,Minnesota,28047,-25.289206,-24.039793
Kim Delacruz,42,8479 Evan Lake Suite 900,New Sandrastad,North Dakota,33854,-56.973240,-0.5091405
Deborah Townsend,52,68760 Beth Mill Apt. 702,New Roger,North Carolina,89777,85.284228,83.1361245
William Donovan,63,212 Savannah Junction,Dianaside,Iowa,63017,-120.446453,-7.993522
Andrea Boone,39,76194 Troy Island,New Lisa,Ohio,13724,-152.651050,16.858166
Tammy Todd,28,79415 James Fords Apt. 341,Chelseafort,Indiana,95221,52.586765,-4.384661
William Clark,29,17430 Michelle Port Suite 050,West Christie,South Dakota,37192,-92.355794,-51.5692655
Anthony Oliver,68,59988 Richard Hill,Fordborough,Kentucky,68724,-25.272723,-63.5121565
Edward Hughes,24,71124 Yang Junctions,Morrisfurt,New Jersey,74727,-116.463842,-35.718237
Elizabeth Bell,66,5176 Williams Points,New Brandon,Nevada,43602,65.014262,-46.698813
Jimmy Stanley,26,766 Lawrence Square,Lake Randy,Iowa,14319,89.304147,-30.142246
Benjamin Brown,67,30889 Holloway Squares Suite 378,Anthonyview,Virginia,62488,23.775443,75.795739
John Rodriguez,79,117 Andrea Junction Apt. 887,West Courtneyton,New Mexico,32330,93.144879,-4.4635925
Tyrone Grant,67,53865 Rogers Dale,Walkerburgh,Missouri,76281,-178.179584,-83.920124
Teresa Peters MD,77,1260 Mullen Stream Suite 317,Lake Kimberlyshire,Alabama,30311,84.923587,15.9840155
Lindsay Shaw,59,78253 Montoya Land Suite 332,East Jenniferfort,Minnesota,73697,-1.697168,-6.401379
Kimberly Campbell,61,4324 Clark Pike Suite 321,Mackside,Ohio,81697,147.745090,78.863335
Michele Blair MD,74,6892 Green Island Suite 511,Port Andrew,Utah,58809,-40.069797,60.1087635
Lisa Baxter,56,54354 Pena Landing,South Shirleyside,Idaho,47308,-94.123912,-73.013363
Angela Gates,37,92561 Melissa Estates Apt. 334,Josephside,Kansas,13286,1.779867,-89.4868735
Nicole Barnes,78,4622 Mckinney Plaza,Mannborough,Virginia,30112,-74.455328,10.2815435
Angela Caldwell,21,510 Reyes Squares,Leeport,Virginia,19749,-25.589421,-11.832605
Gregory Gomez,40,764 Ashley Wall,Aimeeborough,Rhode Island,56491,-82.222196,-77.189024
Steven Evans,66,98894 Holmes Keys,Kelliport,New Jersey,74908,55.484807,-47.8484625
Trevor Fitzgerald,31,3381 Paul Unions,Dianaborough,Oklahoma,45869,-45.726695,1.395868
Jennifer Hogan,44,597 Bruce Landing,East Jason,Connecticut,41744,107.561775,-60.915439
Jason Sherman DVM,30,81704 Olson Point,Ryanmouth,Washington,70631,133.076199,-45.565738
Desiree Smith,52,7713 Kerr Ford,New Scott,Virginia,20491,-44.510868,-42.642036
Jason Schwartz,49,761 Sara Shores Suite 042,West Yvonneburgh,Florida,60325,-111.802879,30.535072
Daniel Cabrera,67,2867 Shepherd Drive,Davidport,Montana,29416,-74.914717,20.106182
Jamie Haas,19,678 Hale Rest Apt. 624,North Shawnbury,Wisconsin,90390,-48.872438,44.419720
Alexander Lawson,46,234 Amber Land,Deborahside,Nevada,43614,-134.805872,4.305703
James Stein,62,9679 Macias Pass Apt. 616,West Gabrielle,Washington,70988,12.998048,-49.6309255
Alyssa Hodges,27,08112 Rachel Green Apt. 522,Moralesland,Maine,14570,86.659575,-60.171549
Dennis Terry,78,545 Carrie Course Suite 038,New Loganmouth,Nebraska,71869,-32.501412,55.0420425
Timothy Davenport,46,8316 Trujillo Cliffs Suite 160,Lawsonbury,Mississippi,31729,-74.253266,74.355400
Brandon Fitzgerald,24,8019 Keith Street,Patriciamouth,Mississippi,71964,-37.460925,58.204911
Maureen Henderson,45,57005 Kayla Flat,Johnburgh,New Hampshire,51647,125.905962,-83.9381125
Sean Jackson,25,394 Danielle Place,Port Tammy,Montana,64543,10.023119,-25.8217855
Rachel Best,36,3641 Herring Crest Suite 024,Frankfort,Arizona,27701,-76.387100,23.870286
James Macias,54,052 Jones Pass Suite 482,North Mark,Oregon,68212,-24.508919,42.7178915
Gina Miller,70,6644 Gates Drive,Hardinview,North Carolina,81701,-55.935349,74.9011345
Casey Cox,39,45121 Erika Glen,East Clintonfort,Wisconsin,02296,-163.905859,9.013929
Jimmy Moore,39,6555 Craig Squares,South Brent,Vermont,95593,-63.221295,-47.054928
Shannon Thompson,24,543 Perez Haven Suite 291,Ryantown,Maryland,75788,-29.231380,63.3911275
Victoria Delgado,33,205 Samuel Shores Suite 180,Sullivanborough,Pennsylvania,80376,126.718934,-13.873175
Virginia Soto,39,07571 Little Mountain Apt. 535,North Steven,North Carolina,84983,24.387048,-62.3939715
Lisa Ross,30,36334 Griffith Ferry Suite 743,Williamsmouth,New Jersey,37123,174.942950,77.163194
Joshua Simpson,79,17060 Nicole Mission Suite 764,Stewartshire,Florida,88855,-22.837238,39.8315565
Ashley Contreras,77,157 Christy Loop Apt. 505,West Davidmouth,Tennessee,71225,12.955904,-36.2692125
Danielle Wong,35,958 Webb Station Suite 823,New Jeremy,New Hampshire,73678,-135.106039,-75.191012
Terry House DVM,24,20120 Danielle Inlet,North Carlosville,Indiana,10090,-12.014319,54.793942
Richard Smith,55,80612 Sanchez Mountains Apt. 825,West Jackie,Alabama,60141,52.599906,37.908086
Molly Hayes,70,6797 Christopher Brook,New Brandy,Arkansas,68683,12.798847,89.216082
Jonathan Steele,22,10170 Sanchez Spur,Lake Josephland,Minnesota,45405,-132.283095,-89.616804
Kelly Rodriguez,39,976 Erin Drives,South Amandafurt,New Hampshire,33535,-30.242624,-83.6650945
Brittany Cruz,19,871 Victoria Terrace Apt. 322,West Jonathan,Montana,08719,-3.875616,-69.483645
Mitchell Charles,62,377 Christine Junction,Hicksport,Kentucky,76528,74.651668,51.8206725
Joshua Pena,38,124 Deborah Radial Suite 860,Tracistad,Illinois,89336,-110.948450,-33.646646
James Thomas,74,25323 Roy Ports,Mcdonaldton,Michigan,57586,-85.008402,-53.6612545
Joseph Adams,44,55860 Alexandra Keys,South Kristinchester,Nebraska,46324,-123.725235,-57.3641905
Mark Hall,27,304 Baker Glen Apt. 074,South Shannonport,Ohio,33031,178.436156,75.820758
Amy Cunningham,30,04257 Bates Mills,Martinfort,Alabama,76722,-3.255022,68.745858
Adam Ruiz,20,1017 Paige Inlet,North Marvin,Virginia,75417,159.026784,58.580222
John Hartman,38,121 Hayes Walks Apt. 802,Lake Megan,Montana,98154,-92.519381,-5.1289845
Nathan Green,77,02012 Phillip Track,Port Michael,Indiana,35141,-89.705077,67.017710
Nicholas Haas,42,92414 Kathleen Harbor Suite 313,Lake Jasonside,Rhode Island,25987,-155.274915,60.6243635
Michelle Chen,41,007 Christopher Cliffs Suite 935,North Sandraborough,New York,48234,-85.639569,-40.958564
Carl Marshall,34,02034 Duran Harbors,West Curtisbury,Arizona,46738,132.657790,-59.7384405
Lauren Powell,46,712 Smith Plaza,South Shannon,Montana,04072,-114.863515,47.2924475
Michael Brown,39,66910 Ruth Ports,Billbury,Montana,42449,85.844197,45.6209905
Amanda Arnold,60,24640 Huerta Coves,Lake Samanthachester,Kansas,32664,66.438567,-21.3080645
Gabriel Johnson,66,11130 Amy Field,North Adrian,New Hampshire,42604,121.284725,31.819050
Melissa Anderson,25,44421 Brandi Forges,Lake Jay,Idaho,59893,-108.346175,-20.7968035
Brent Sutton,63,104 Wolfe Overpass Suite 159,Carpentermouth,Montana,63099,63.247391,-35.565565
Alexander Thompson,35,5058 Christopher Junctions,North Carolyn,Nebraska,92236,-179.901634,-49.715522
Jennifer Williams,22,6438 Davis Spur Apt. 763,North Amandaville,Michigan,26364,94.578368,69.119903
Jon Johnston,32,6164 Anderson Turnpike Suite 815,West Michelle,Kentucky,67748,25.432388,44.5809575
Bradley Sullivan,38,635 George Dale Suite 795,Richburgh,Utah,73289,40.401368,22.508617
Diana Bailey,57,350 Smith Mount Suite 382,Mariafort,South Carolina,05404,-65.719198,80.9305615
Larry Bryant,76,6336 Ashley Summit,North Timothyborough,Indiana,11806,-143.363181,-70.809175
Sandra Davis,40,6343 Oscar Radial Suite 069,Port Denniston,Massachusetts,07612,-16.506069,74.9837755
Julia Collins,29,9017 Martinez Gateway Apt. 633,Brianburgh,Minnesota,85380,-99.924958,2.6931255
Lori Watson,22,146 Sharon Forges Apt. 545,Leetown,Michigan,60423,-41.414306,0.993647
Jacob Palmer,64,38217 Gary Squares,Brandonstad,Mississippi,28196,-124.315869,-39.858011
Robert Martinez,23,997 Eric Walks Apt. 879,New Lauraside,Rhode Island,31567,-67.448153,31.0783135
Ms. Amy Tucker,73,47961 Bridget Pass Suite 385,New Mitchell,Vermont,99284,36.307752,-32.047555
Joshua Romero,56,259 Hayden Ford Suite 866,North Rickyside,Hawaii,91084,-129.131911,-15.198696
Diana Shelton,34,18646 Charles Court,Ronaldshire,North Dakota,87421,-120.341714,-18.163768
Stephanie Castillo,46,616 Taylor View,Sellersmouth,Wyoming,57684,74.824916,-18.6459475
Keith Bentley,18,7674 Craig Tunnel Apt. 250,Snyderville,Alabama,48447,89.529885,-49.946639
Shirley Freeman,54,029 Nelson Mission,Leblancshire,South Carolina,30563,-39.427899,-43.4629625
Sarah Brown,47,336 Justin Circles,New Karen,Vermont,29445,141.761382,-82.7055715
Matthew Durham,60,4294 Jessica Orchard Apt. 317,New Peterton,Connecticut,27229,-2.269378,-33.5398175
Steven Dalton,40,64945 Robin Landing,Lake Cassandra,Idaho,81317,90.971752,2.215169
Austin Nguyen,44,73872 Joshua Parks Apt. 170,Brendaton,Oregon,71175,26.591321,-4.727782
Robert Williamson,35,7159 Myers Ville,North Loganview,Washington,16004,145.961799,64.1498385
Gabriella Moore,77,113 Harrison Gateway Apt. 004,West Wendytown,Michigan,21228,28.476267,-4.7380805
Randy Liu,61,323 Malone Station,Hudsonshire,Maine,13704,-82.455858,49.133921
Carl Orr,39,5387 Stewart Plain,West Katherinefurt,Rhode Island,74399,-99.025121,58.9145275
Susan Lewis,37,5266 Graves Turnpike Suite 432,Morrisborough,Connecticut,60640,-134.875473,38.535006
Joyce Lee,53,8855 Mark Harbors,Natalieshire,California,95009,-2.856659,9.731853
Julie Jackson,18,1946 Michael Rapid Apt. 320,Paigeburgh,New Jersey,48300,130.926585,-13.1659035
Colin Reyes,38,95052 Bryan Lock Apt. 521,Timothystad,Wisconsin,12760,175.448560,-84.883268
Rebecca Andrews,57,1526 Antonio Manor Apt. 505,Martinezborough,Pennsylvania,39120,-19.550102,-88.136406
Michael Lester,36,936 Miller Cliff,Warrentown,Missouri,48514,-114.955394,-33.760764
Max Mitchell MD,21,0347 White Plaza,Michelletown,Alaska,75395,86.533297,31.6018255
Craig Cox,54,4964 Tyler Glens,West Bruceborough,Ohio,03468,-83.030107,-45.220375
Thomas Martinez,28,7362 Kevin Drive Suite 798,North Michaelshire,Louisiana,61632,-169.474820,-26.3079485
Lisa May,34,8350 Galvan Dale Apt. 485,Travishaven,Washington,28486,-143.906828,-65.7841115
Joseph Nelson,69,6722 Stacey Pass,New Joshuatown,Washington,23042,-160.109402,60.272776
Lauren Mays,43,57448 Mack Neck Apt. 952,West Victor,Hawaii,74694,-171.461427,-47.3522325
Donna Moyer,68,9663 Patricia Turnpike,West Taraland,Iowa,65248,123.083567,58.110766
Cody Rivera,64,017 Whitaker Centers,New Christopher,Maine,63700,-37.344876,57.0463025
Jonathan Smith,64,861 Rogers Falls,West Carolynhaven,Ohio,36149,77.875805,-30.228010
Melanie Hughes,18,419 Patrick Ways,Christopherport,Montana,64796,-140.484261,-38.3719185
Amanda Thomas,60,409 Keller Views Apt. 072,Port Jacob,North Carolina,63647,69.141927,-34.5016125
Lisa Patel,20,493 Cole Port Apt. 223,Barbaraberg,Alabama,78537,174.755202,-9.049162
Katie Elliott,19,088 Geoffrey Trace,Brookeborough,Minnesota,29479,132.340160,-19.565075
Joel Lambert,41,4912 Hunter Divide Suite 667,New Debbieberg,Virginia,33817,119.925071,59.591289
Jessica Perkins,79,28136 Alvarez Drive,Mitchellberg,West Virginia,24962,169.451977,-2.061261
David Meyers,52,31165 Charles Port Suite 737,East Jermaine,Michigan,76761,-93.565469,78.129868
Thomas Lowe,19,148 Felicia Place,West Jonathon,Utah,18640,-109.292410,5.1660285
Heather Shannon,80,3384 Ashley Plaza,North Michellemouth,Nebraska,91272,-140.029529,74.266392
Howard Glover,64,50735 Johnson Coves Apt. 551,Lake Ashley,Ohio,24717,160.570988,-42.920715
Daniel Harvey,56,240 Jessica Bypass,Roseside,Connecticut,84117,-37.829431,8.248631
Edward Bradley,45,6248 James Knoll Apt. 987,Russellchester,Florida,51866,123.404001,66.713988
Thomas Ramirez,47,103 Escobar Burg Apt. 966,Starkport,South Carolina,96085,-99.335423,-83.044285
Tracy Marshall,54,60147 Evans Inlet,Whiteport,Wisconsin,27089,-23.706964,-66.9229715
Kari Whitaker,73,916 Gardner Field,Jamesland,Georgia,52113,-46.670167,-3.7397815
Amber Ewing,19,586 Johnson Loop,West Amandachester,Ohio,88231,-35.384695,-19.714053
Earl Sutton,69,0828 Gonzales Ways Suite 367,Port Edward,Arkansas,57746,-145.452234,-60.004769
Madeline Henry,28,037 Collier Via,Bryanthaven,Rhode Island,27902,-132.948108,13.3172965
Alice Brown,26,1894 Bender Cliffs Apt. 086,Thomashaven,Connecticut,37048,179.796782,-81.2799285
Adrian Jones,33,4708 Archer Cape,New Ashleychester,Hawaii,04078,77.111667,-13.813461
Lisa Hicks,26,84510 Holly Knoll,Walshland,Rhode Island,89837,-97.298343,-27.0348805
Sandra Campos,49,7581 Anthony Flat Apt. 592,East Justin,New Mexico,46460,146.872694,37.124879
Matthew Carson,33,23278 Richard Course Suite 627,West Michael,Kansas,98883,-73.632723,-54.5727875
Robert Macias,65,09129 Sara Springs Suite 961,North Joannafort,California,69535,119.037003,39.7482125
Rebecca Barnes,34,36620 Harris Shoal,Scottfurt,Louisiana,69957,118.365486,-30.410024
Monica Martinez,32,52648 Jennifer Forges,South Anthony,Pennsylvania,54404,175.880822,52.050671
Wanda Smith,74,574 Herrera Vista Apt. 772,Johnsonmouth,Maryland,71999,107.729572,-77.093746
Justin Ford,65,117 Barry Common Suite 369,Meaganmouth,North Carolina,74967,-162.167362,40.1837315
Tamara Baker,33,7126 Timothy Drive Apt. 422,Lake Jessicaberg,California,85258,-165.632020,5.1972545
Edward Lowe,33,05522 Henry Keys,Bowmanshire,North Carolina,01592,-119.775246,10.7269445
Nicholas Strickland,53,299 Kenneth Prairie Apt. 823,South Jacquelineborough,California,46627,-151.162636,30.616144
Lisa Frederick,33,3583 Jennifer Motorway,Robertfort,Indiana,68621,28.332076,84.693799
Ronald Armstrong,50,671 Burke Roads Apt. 760,East Selenastad,Minnesota,14255,-138.414420,55.150626
James Pena,46,97499 Carlson Fields,South Robert,Vermont,80530,-25.334125,-28.6457855
Kevin Villarreal,28,8988 Wall Streets,Port Laurie,Rhode Island,24433,-22.095158,-58.212639
Catherine Garcia,24,71248 Russell Centers Suite 479,Lake Garyburgh,Utah,82824,157.053111,31.207964
Ariana Taylor,25,69682 Schmidt Lake,North Beverly,Washington,97496,-171.367536,40.619079
Lindsey Hanson,57,09960 Martinez Cliffs,Bradleyville,Alabama,46725,-166.309860,81.413314
Rebecca Marsh,71,6075 Randall Freeway Apt. 353,Port Noahland,Hawaii,07697,-140.100715,1.176951
Brooke Bailey,23,9972 Reese Rapid,Lake Barbara,Arkansas,51173,113.993741,-58.4843765
Mikayla Avery,63,39666 Edwards Well Apt. 208,Henryshire,Ohio,14132,120.003201,-82.235330
Jose Haynes,77,85788 Robert Burgs,East Shannonland,North Carolina,75454,123.223083,63.301158
Steven Clark,71,02850 Jennifer Coves,Johnsonview,Iowa,79271,-30.012515,-28.4400435
Travis Mccormick,57,514 Tamara Views Apt. 410,North Emily,West Virginia,35333,3.442674,2.214456
Joyce Horn,80,35356 Thompson Prairie,South Antonio,Kansas,50032,71.655308,-67.9367465
John Cortez,29,1000 Julie Junctions,Lake Rebecca,Vermont,52300,39.914757,19.431021
Katherine Hernandez,35,92261 Obrien Canyon Suite 568,Lake Brianborough,Arizona,59912,-155.025392,29.293729
Michael Boyle,78,711 Baker Roads Apt. 761,Morenoberg,Texas,38453,-178.486211,78.121954
Henry Alexander,35,5576 Gray Estate Suite 095,West Dawn,Colorado,16413,28.819669,77.383752
Nathan Warren,28,3573 Cain Courts Suite 917,Port Keithview,Rhode Island,65682,-53.133603,-88.6084355
Sarah Jackson,61,54647 Emily Tunnel Apt. 178,Port Joseport,New Mexico,05036,2.230506,62.780116
Stephanie Hernandez,22,608 Kevin Plaza,Alvarezview,New Hampshire,25642,-98.623870,-70.3374915
Matthew Hartman,54,57252 Coleman Rapid,Smithshire,Massachusetts,50248,-30.361705,-6.5554285
Denise Nunez,41,74059 Kayla Grove Apt. 405,East Kaitlyn,Hawaii,77066,164.347803,6.234068
Brittney Mora,18,278 Christopher Stream,Pearsontown,South Dakota,20348,-114.773828,-41.0401915
Brian Henry,69,6239 Jennifer Divide Apt. 612,Mauriceton,Kansas,88850,-38.962422,19.5566655
Mrs. Elizabeth Moran DVM,71,12778 Smith Haven,Martinport,Kentucky,43766,117.253052,78.4010195
Catherine Carter,27,543 Johnson Port Apt. 509,Brianshire,Delaware,52455,50.712878,43.073926
Heather Bailey,58,70711 Kimberly Estate Apt. 709,Jocelynton,New York,59324,-44.202583,-26.8401555
Matthew Thomas,74,348 Brown Plaza Apt. 637,Stephanieberg,Nevada,15484,33.484657,-42.6810885
Mrs. Kimberly King,60,1950 James Stream,South Richard,Alaska,88406,9.551470,-87.9342565
Patrick Cox,22,55710 Finley Trail Suite 622,Georgetown,Nebraska,21019,102.755228,39.179564
Trevor Nguyen,30,28586 Hernandez Fort Suite 935,Baileyland,Delaware,05711,96.707881,64.551162
Patricia Randall,74,352 Mcguire Track,North Codyburgh,North Carolina,48487,32.211047,-23.349476
Ruth Guzman,55,96556 Tiffany Falls,Nathanfort,Maine,11197,14.660787,-35.8074185
Angela Schmidt,48,368 Jordan Unions,Wardchester,Illinois,49711,-8.363568,-27.437433
Brandon Chambers,80,620 Martin Courts,New Michael,Maryland,99727,-69.630210,66.071266
Mr. Daniel Rivera,70,067 Watkins Estates,East Barbaraview,Wyoming,03863,-80.329144,-20.9930525
Laurie Castaneda MD,76,950 Amanda Harbors Suite 238,East Jeffrey,Georgia,97659,-38.707064,-75.525060
Dennis Bryant,49,85483 Schwartz Course,Heathertown,Indiana,47076,85.646305,37.0735215
Henry Allen,63,02983 Christine Well Suite 444,Lukechester,Tennessee,44133,121.036147,88.074924
Shannon Roth,33,3100 Cervantes Meadows,West Michaelton,West Virginia,90855,31.745342,87.065245
Keith Tran,49,1810 Alicia Causeway Apt. 082,North Davidshire,Washington,29350,-163.068988,42.5228375
Ashley Turner,22,61843 Maria Mills,Tiffanyborough,New York,31688,-138.985084,84.270976
Patricia Keller,69,42114 Anderson Green Suite 297,Gilmoreport,Illinois,45279,158.717487,-69.727029
Angela Owens,51,3875 Tucker Village Suite 044,Lake Loretta,Connecticut,77808,71.918736,5.463124
Joseph Adams,28,7774 Harris Keys,South Raymond,California,03028,-85.818775,76.0764775
Karen Logan,61,76913 Torres Trace Suite 985,Port Ericland,Montana,45699,49.285270,-17.8449955
Eric Williams,28,21121 Davis Meadow Suite 241,Rodriguezchester,Maryland,15998,-132.321163,71.420332
Elizabeth Fuentes,47,928 Barnes Glen,North Karenville,Washington,27469,-128.261271,-64.2482275
Kathleen Anderson,31,8094 Griffith Point,North Holly,Rhode Island,70362,11.634716,8.8051445
Brandon Garcia,48,673 Delgado Ford Suite 594,West Markhaven,Arizona,16801,-43.707203,51.745578
Micheal Jordan,50,1511 Rachel Lakes,Villarrealtown,Alabama,45762,161.975387,-10.563255
Aaron Davis,76,078 Morgan Fords,New Jonathan,Nevada,46125,-19.854701,-20.275645
Megan Grimes,55,0937 Anderson Drive Suite 303,Catherinefort,Wisconsin,90123,-137.533489,65.134457
Shawn Johnson,19,578 Sutton Plaza,East Lisahaven,Arizona,50778,-86.749766,1.5340955
Brendan Garcia,65,66096 Tyler Harbor Suite 105,North Jack,Arizona,15537,-111.260231,41.280160
Victoria Logan,56,81572 Stevens Fork Apt. 506,Acevedofurt,Indiana,24589,-40.915472,16.2779665
Richard Anderson,51,960 Lisa Gardens,West Julie,Pennsylvania,95772,-65.846173,-81.746794
Matthew Chung,21,842 Walker Forest Suite 942,Lake David,Delaware,09820,-65.326576,-89.887225
Daniel Mueller,72,8991 Buchanan Corners Apt. 491,Jacobsonview,New Jersey,90253,137.458883,86.8915395
Larry Blackburn,49,89779 Gary Village Apt. 875,Christopherville,Ohio,03036,-56.073126,29.098157
Michelle Wright,43,465 Jason Radial Apt. 126,South Heather,California,20444,-48.440377,62.0801615
Gabriella Smith,56,561 Gomez Summit Apt. 667,East Michelleberg,Wisconsin,26579,-86.810370,-35.484962
Deborah Reyes,79,2829 Henry Square,Nicolemouth,Florida,65245,-146.166084,39.618148
Lori Hernandez,46,517 Lloyd Branch Suite 455,Royland,New Hampshire,91580,55.550092,81.230851
Deborah Park,66,399 Hayes Run,Port Shannon,South Carolina,90968,108.107721,43.697892
April Whitney,65,637 Lawrence Cliffs,Stacieport,New York,71153,106.309151,-74.0471825
Michael Hays,39,0197 Herrera Cape Suite 635,Daisyhaven,Kansas,56251,55.952489,80.5395135
Jeff Harris,77,68538 Kimberly Ramp,Robertmouth,Idaho,27538,177.744163,-20.1091285
James Harris,57,366 Landry Dam Suite 063,Williamsfort,Minnesota,94151,-83.638006,13.6750345
Jacob Johnson,72,6118 Michelle Freeway,West Erica,Pennsylvania,96420,175.505483,17.045786
Jenna Wright,66,212 Bruce Locks Suite 637,East Karen,Idaho,21368,50.649096,82.077616
Justin Hicks,32,122 Tracy Port,Smithville,California,22358,64.053801,26.5766385
Brian Phillips,50,1025 Erik Crescent Suite 600,North Juan,Nevada,97608,-14.640979,-80.409913
Marcus Patel,42,6663 Bradley Vista,East Richardport,Texas,76930,117.578246,85.5795265
Audrey Ramirez,42,67983 Ashlee Trail,Johnfurt,Tennessee,29066,-46.972820,-23.0907815
Richard Murphy,21,4459 Denise Parks Suite 365,Kellyberg,Kansas,52636,138.891076,-52.0735335
Angie Arroyo,25,09850 Gregory Highway,Lake Andrew,Wisconsin,66456,101.491701,-21.9753285
Brent Mitchell,55,0214 Krystal Club,Ferrellside,Colorado,21846,-77.157674,49.5013895
James Waters,77,26451 Hernandez Ranch,Andrewshire,Hawaii,75432,-66.027081,78.585002
John Williamson,42,667 Justin Green Apt. 746,Harristown,South Dakota,25151,37.794844,8.158076
Ryan Chen,31,415 Rivera Heights Suite 388,Chrisburgh,Michigan,11678,78.002175,42.3282565
Danielle Mcneil,56,669 James Drive,New Stephaniefort,Montana,16579,-74.590747,-73.291482
Christopher Miller,19,9515 Steven Plains,Robertschester,South Carolina,87677,84.910407,-26.451204
Brenda Walsh,78,06061 Anthony Brook,Lake Jessica,Wyoming,28579,-41.179282,-60.220721
Peter Brock,77,43511 Holland Circles Suite 817,Brianhaven,Maryland,05738,130.168166,77.6783105
Brandon Castillo,74,287 Maxwell Passage Apt. 406,South Evelynport,South Dakota,88970,-52.339310,-72.3056475
Wesley Underwood,51,20345 Turner Dam Apt. 599,Tamarafort,Virginia,74291,48.838927,70.641861
Michelle Gates,41,5001 Andrea Gardens,Port Marioburgh,New Jersey,14630,46.316778,46.6363855
Daniel Cook,36,007 Melissa Walks,Lake George,South Carolina,95271,-87.225804,72.800604
Kelly Weaver,63,957 Smith Circle,Lake Aaronfort,New Mexico,27972,3.569374,-41.4550505
Randall Mooney,25,5346 Jose Villages Apt. 615,Oscarview,Vermont,81735,-98.035360,27.3565685
Albert Perez,63,9882 Larry Plaza Suite 687,Cheyenneshire,Delaware,03461,-123.286275,77.0822335
April Rocha,38,09501 Morris Glens Apt. 251,North Jennifer,Georgia,13725,129.906378,-16.767051
Austin Stone,47,023 Perez Rapids,Poolefurt,Georgia,52877,19.927202,5.1357435
Melissa Jackson,43,8485 Wade Lights Apt. 490,Lake Sarah,Virginia,16945,-34.513441,24.436280
Christine Nicholson,48,74685 Matthew Creek Suite 949,Port Phillip,Mississippi,54699,68.776236,-53.9319795
Ashley Smith,76,19733 Huang Road Apt. 977,Haydenport,Missouri,74745,-128.031780,35.7606905
Christina Mcfarland,18,345 Vasquez Forges,Johnberg,Michigan,67626,-164.723006,14.4048045
Stephen Salas,77,39505 Cherry Spring,North Amy,Nebraska,06010,103.958103,63.962091
Scott Harvey,79,46878 Browning Forge,New Michaelfurt,Kansas,88835,161.715194,67.7950555
Karen Gonzalez,78,4332 Tucker Shores Suite 096,South Davidside,Michigan,82250,-109.521390,-50.530235
Brenda Newton,76,627 Conley Route,Heidishire,Wyoming,31011,-158.759674,83.855300
Maria Meyer,27,54320 Jackson Field Apt. 584,New Joseph,Hawaii,84746,88.217744,-6.339888
Joan Brown,30,91959 Morgan Streets,Crystalborough,New Jersey,39177,84.452306,-31.163169
Cassandra Rhodes,71,395 Hunter Spurs Suite 654,Lake Robertfort,Indiana,50529,94.346083,-61.933053
Angela Miller,38,8923 Walls Causeway Apt. 935,Littleside,Louisiana,18685,169.768115,8.3482905
Sarah Rodriguez,65,7824 David Valley,South Joy,North Dakota,29701,-156.187688,-16.031255
Kristine Burns,30,547 Shaw Manor,Nicholeside,Delaware,77264,-26.225044,-41.905237
Joshua Hernandez,75,1803 Phillips Hill Apt. 315,Jenniferfort,Texas,12307,-91.067060,70.621039
Jessica Gardner,37,935 Jerry Squares Suite 913,Lake Miguelborough,South Dakota,00942,6.558515,23.5024785
Adam Flores,74,3103 Michael Summit,Watkinsborough,Alaska,74132,-155.087192,-57.336081
Michelle Cochran,70,11820 Wade Centers,South Julie,North Dakota,62830,-163.045361,-59.237098
Kristy Woodard,52,511 Ryan Spurs,Port Brittanyburgh,Hawaii,84708,78.533301,-29.8599145
Emily Armstrong,44,17392 Brenda Junction,East Ginamouth,Missouri,91035,-166.180815,-19.9958285
Angela Hunt,54,08130 Hill Grove Suite 621,Greenport,Wyoming,23302,-153.571541,-37.884757
Diane Thomas,31,453 Hernandez Curve,New George,Alaska,43606,39.192468,79.052130
Andrea Peterson,73,7955 Andrew Circles Suite 547,Sullivanmouth,Mississippi,81082,-142.063738,17.351680
Anthony Olson,30,457 Guerrero Springs Apt. 522,Port Johnfurt,Indiana,77839,143.967726,-32.6418585
John Lam,21,401 Krystal Lodge,North Daniel,Montana,39456,108.301256,-80.5291135
Amy Bass MD,51,5800 Morris Fort Apt. 728,Lake Rebekah,Ohio,72307,95.899896,-88.036903
Caitlin Davis,60,910 Cristian Coves Apt. 085,North Larryfurt,Pennsylvania,09638,-165.153088,-84.4288085
Laura Jones,36,808 Baker Course Apt. 765,New Timothyville,Mississippi,22034,88.865467,-4.3022925
Anthony Anderson,68,76731 Murray Glens Apt. 111,South Allisonberg,Illinois,92907,15.757336,3.4656955
Jacob Cooke,71,8398 Hall Hills Suite 419,Smithside,Kansas,49077,-9.095519,-37.336238
Robert Farley,30,11066 Morris Pine,Morrisburgh,Pennsylvania,69185,35.922794,-62.744249
Timothy Haynes,45,0971 Coleman Rue Suite 220,Jefferyfort,Illinois,20864,85.664613,60.1401175
Nathan Gentry,30,1111 James Club Apt. 656,Anthonytown,Idaho,51358,-97.452516,5.3290695
Rose Simpson,59,87622 Wallace Walk,West Christinaport,New Hampshire,55827,-18.383752,-18.612303
Mark Mckee,35,6669 Jones Mission,East Sierrashire,Hawaii,62173,-106.613665,-45.4508935
Maureen Bennett,64,7140 William Club Apt. 075,South Jamie,New Mexico,79016,-88.600168,6.880549
Amy Nguyen,49,9930 Kristy Track,New Christopherhaven,Ohio,02018,-166.546101,6.072965
Stephanie Ramos,72,084 Amy Isle,Port Shirley,Georgia,57767,-121.761403,-1.3966095
Mark Harrison,46,968 Clinton Corners,New Robertmouth,Arizona,26063,117.021742,14.696398
Sandra Fleming,36,9337 Derrick Oval Suite 050,Boothfort,Alaska,35148,21.601135,-70.395584
Elijah Chavez,29,754 Melissa Islands Suite 649,South Jennifer,Iowa,48700,140.959275,13.630671
Vanessa Harris,24,0478 Fitzpatrick Squares,Chambersfurt,Hawaii,35313,-124.202120,46.2962975
Tiffany Callahan,49,433 Wu Bypass Apt. 700,Stephanieburgh,Connecticut,34129,116.664215,65.391025
Andrea Holmes,58,988 Castro Flat,Richardside,Oregon,14094,-9.305723,40.958227
Michelle Thomas,50,230 Laura Lakes Apt. 684,Port Brenda,New Hampshire,60018,117.221759,-19.7471465
Evan Garrison,51,629 John Tunnel,West Christopherchester,Connecticut,98933,161.180978,64.0693915
Barbara Cisneros,60,656 Newman Springs,North Catherineton,Vermont,13779,105.322412,63.537265
Jenna Bullock,78,0161 Williams Trail Suite 304,South Maryhaven,New Hampshire,48402,-118.728308,-66.5949335
Valerie Robinson,78,4462 Kline Groves,South Angela,Minnesota,88934,68.452742,40.697033
Mr. Jordan Baxter,40,03256 Kyle Roads Apt. 391,North Zacharyborough,Montana,29014,115.168539,7.7913715
Brandy Torres,71,596 Dickson Point,Whiteland,New Hampshire,47707,-91.366319,65.7884255
Misty Cowan,65,6992 Robyn Path Suite 648,Sandyville,South Dakota,34436,140.661940,-64.271580
Ashley Little,19,30264 Cruz Parks Suite 884,Burkemouth,Alaska,79893,-178.952801,-19.2981505
Lori Schmitt,52,8321 Dillon Crescent Apt. 535,Nicolemouth,Connecticut,09259,35.308404,-39.9012195
Beth Martinez,32,9471 Barker Inlet Apt. 655,Dominguezhaven,Louisiana,89309,-37.794033,-73.4929235
Travis Castro,62,50031 Erin Lane Suite 941,North Theresa,South Dakota,47175,-40.124674,48.154391
Michael Burns,34,032 Payne Burg Apt. 318,West Nicholas,Arizona,57243,79.709105,60.659706
Melissa Sandoval,18,5897 Baker Coves Suite 234,Aaronbury,Connecticut,92667,15.570602,6.785404
Kaitlyn Gomez,23,51230 Moore Streets,Schultzfort,Illinois,99435,85.657108,62.8084945
Joshua Stout,72,10437 James Garden Suite 032,Floresburgh,California,33457,-96.695293,-38.6183645
Brandon Murray,32,1643 Anthony Roads,Delacruzstad,Kentucky,39990,48.741354,-67.812389
Blake Ford,31,339 Ramirez Drives,Port Bonnieton,Alabama,21643,-137.778966,-80.0185985
Johnny Lopez,76,741 Cantu Stream,West Chrisfort,New York,01439,28.855015,-14.9068955
Sara Williams,73,5079 Cynthia Springs,Lake Christianborough,New Jersey,03540,-71.455141,66.7603835
Travis Valenzuela,64,7344 Miller Vista,East Jesse,Idaho,96943,21.441371,-25.8758455
George Harmon,79,695 Moran Summit,Perezburgh,New York,24386,55.576976,-27.0346045
Sheryl Fry,80,86603 Corey Ville,Ashleyland,Maryland,77574,139.481031,37.0935815
Jacob Vincent,47,720 Craig Forge Suite 149,Kingborough,South Carolina,11766,-139.372276,23.838969
Yvonne Moore,63,8758 Thomas Forest Suite 559,Hillmouth,California,25909,53.434662,-46.0002495
Joseph Harmon,42,22482 James Corners,Lake Kennethview,Iowa,66144,-154.375217,87.080426
Christina Hayden,71,9343 Briggs Divide,Copelandhaven,Illinois,04928,-56.768299,-43.268579
Joseph Simmons,62,2585 Fry Parkways Apt. 091,Sanchezstad,New Mexico,91471,-101.900925,49.500043
Billy Hughes,28,646 Parsons Orchard Apt. 345,Singletonview,Tennessee,45937,-97.490575,54.709372
Amanda Young,74,8460 Green Ramp Suite 445,Maryfurt,Colorado,16344,-96.693101,-27.0864505
Mark Crawford,77,43362 Lisa Burgs,South Shawn,North Dakota,31312,28.289277,36.648386
Jillian Ward,29,2269 Barber Junction Apt. 109,Tristanland,Kansas,18840,-4.446166,34.9405945
Destiny Castro,31,5510 Elizabeth Vista,North Brittney,South Carolina,30182,0.211129,-36.872406
Natasha Green,35,59754 Walker Mountain Suite 579,Reevesland,Connecticut,28036,-6.775766,-18.514336
Lawrence Clark,64,3286 Stephanie Views,North Caseyport,Vermont,75542,-81.420254,-55.6628725
Manuel Smith,19,066 Hernandez Mountain,Bowmanburgh,Wisconsin,69959,70.914128,26.288117
Amber Wright,54,218 Haley Point,Adamsfort,Indiana,69323,-109.039981,-88.910278
David Mays,66,70278 Todd Stravenue Suite 470,Christopherport,Louisiana,83663,89.139586,-8.004319
Beth Lucas,36,21790 Palmer Road Suite 476,New Kylemouth,Oregon,62558,56.066860,14.1357735
Walter Miller,71,0083 Patricia Shores Apt. 995,Makaylamouth,Hawaii,19219,-81.707451,25.536906
Brad Arias,22,78446 Smith Squares,Ramseyshire,Michigan,36130,32.122031,79.2177145
Michele Rollins,59,51396 Marcia Parks,Dennistown,Massachusetts,44502,27.073654,-50.9960835
David Burns,57,5432 Matthew Trail,Lake Ericahaven,Illinois,11289,-140.907711,36.782884
Larry Hoffman,70,394 Amy Crossing Apt. 459,Lake Bradland,North Carolina,55852,-59.279090,20.129342
Christopher Bishop,18,228 Robinson Key Suite 775,West Michaelfurt,Delaware,04604,28.277810,39.0674475
Denise Miller MD,23,8022 Jacqueline Coves Suite 045,Sullivantown,Michigan,20200,-8.344416,-69.124816
Tonya Brewer,48,9897 Brandon Lodge Suite 893,West Margaretville,New Mexico,86449,-36.501400,-75.7499595
Michelle Briggs,42,20039 King Turnpike Suite 847,Robertmouth,Illinois,06127,130.149222,82.774886
Steven Long,51,1350 Darren Motorway,West Stephanieborough,New Hampshire,11701,62.731474,-35.8810695
Laura Brown,43,6233 Nathaniel Road Suite 695,Port Melissa,Mississippi,65662,116.686799,-9.725530
Alejandro Morgan,23,925 Pham Corners,New Lesliestad,California,30785,-3.393139,87.988521
Christina Ray,50,03561 Sandra Manor Apt. 057,Joshuashire,Florida,46209,-76.543168,-82.4437805
Lisa Sanchez,50,22953 Collins Lights,North Donna,Virginia,66681,93.709685,-10.2045945
Oscar Garcia,34,678 Adrian Groves,Holmesbury,Pennsylvania,15723,-166.960714,63.9052595
Theodore Nelson,73,6205 Miller Terrace Apt. 634,South Annaton,Arkansas,14560,-103.775338,78.432708
Steven Carr,55,8177 Vanessa Fork,New John,Vermont,99028,-67.943185,-26.2742295
Katherine Ward,53,961 Stevenson Meadow Apt. 134,Port Sandra,Utah,01216,-4.488719,18.189714
James Taylor,80,588 Ethan Field Suite 278,North Sarah,West Virginia,33179,121.143731,70.487851
Cameron Munoz,66,3041 Bethany Branch Apt. 044,Terriview,Indiana,62798,-168.801435,-75.2581525
Mr. John Johnson,50,632 Charles Locks Suite 394,Garrisonstad,Rhode Island,92417,-92.881981,-18.8301585
Karen Wiggins,43,44157 Theresa Spurs,Potterchester,South Dakota,75144,-14.342099,47.055266
Michael Lang,77,623 Alvarado Passage,Jimmytown,North Carolina,43203,36.227108,82.320170
Elijah Kelly,71,95312 Morgan Underpass,Williamsbury,West Virginia,99335,104.067037,66.9874985
Kevin Lucas DDS,39,91264 Jessica Shoals Suite 306,New Lisa,Vermont,12015,-162.549258,16.8508515
Mr. Michael Ellis,21,8471 Mckee Motorway,West Annette,Connecticut,48963,4.291940,-63.344697
Jennifer Boyd,32,3788 William Stream Apt. 141,Jefferyfort,New York,61186,-74.563390,-84.590958
Shawn Benson,18,723 John Passage,Saraport,Missouri,15432,14.162206,88.736602
Megan Rogers,20,1443 Ferguson Squares Suite 623,Lake Jeremy,California,31127,-61.475639,-31.7854155
Edwin Smith,44,1940 Andrew Spring,Ethanville,Wyoming,45666,1.193207,64.6863115
Daniel Phillips,18,7080 Jessica Brooks Suite 636,Harrisburgh,Washington,53539,162.366064,25.5329395
Cynthia Hanson,23,72556 Christopher Square,Christopherchester,Mississippi,33331,-120.809405,-85.5152655
Stacey Howell,60,41497 Joshua Lane,Suzanneburgh,Mississippi,65087,-162.034623,-70.7216125
Willie Collins,41,087 Richard Dam Apt. 916,Laurenbury,Maryland,76690,41.424366,-20.6396725
Cody Martin,48,7305 Kyle Forks,West Mauriceberg,Alaska,66958,171.026753,-35.3317535
Brittany Stevens,44,5133 Johnson Trafficway Suite 579,Chavezshire,Ohio,65355,171.328479,63.646925
Raymond Mayer,64,7467 Janet Causeway,Parksport,New Hampshire,26042,-153.309837,30.626814
David Good,26,904 Johnathan Street,East Jennifer,South Dakota,07521,170.142173,-18.5853765
Nicole Wilson,35,49556 Hawkins Valley Apt. 905,Martineztown,Illinois,58548,-16.442759,-59.4853795
Jacqueline Williams,62,733 Rice Viaduct Apt. 192,Port Williamhaven,Texas,90101,132.230915,68.8490225
Miranda Clark,29,54246 Carrie Square Apt. 700,West Mariamouth,New Mexico,45301,33.046751,-43.0748455
Katelyn Clarke MD,23,122 Williams Orchard,Petersenborough,New Hampshire,53265,-146.513289,-75.9152025
Phillip Johnson,61,7523 Hunter Creek,Rachelfurt,Delaware,04266,175.046833,42.808141
Richard Fields,61,7053 Larry Manors,Munozshire,Maryland,04309,72.447182,-63.679290
Joseph Brown,70,10447 Payne Flat,North Stephaniemouth,Oklahoma,53359,-157.528709,50.088258
Calvin Rivers,27,4970 Ramos Divide,Eileenton,Michigan,97712,-78.909481,-79.6455555
Mary Collins,39,208 Tonya Parkway Apt. 400,Shawnbury,New York,59553,39.718607,-12.1252775
Susan Rich,72,67146 Jacob Loop Apt. 562,Lake Donna,Wyoming,53870,-77.855437,36.1459335
Christine Hess,50,772 Eric Route Suite 573,Stephaniehaven,Virginia,53004,63.769606,30.936280
Cynthia Allison,29,21986 Holmes Ford Suite 439,Johnstonchester,Arkansas,12392,142.791776,19.318708
Jessica Glover,31,3267 Stephens Street Apt. 301,East Bradley,Rhode Island,97288,-132.918944,-43.5845315
Ryan Gardner,36,54157 Patricia Flats,Lake Raven,Minnesota,54044,-141.449144,-22.707974
Jessica Evans,34,75248 Johnson Drives Suite 810,South Ryanside,South Dakota,82329,51.811843,-4.2728515
Barbara Jones,23,0250 Hayes Place,South Juanside,South Dakota,12882,-140.805712,34.9354055
Haley Garcia,52,6551 Jose Fort,Michaelland,Connecticut,35236,-154.793375,-11.2203815
Eric Shah,49,32543 Mays Orchard Suite 351,New Tammyberg,Massachusetts,18394,-89.803090,75.123618
Curtis Riley,26,269 Shields River,Lake Sarah,Montana,27416,76.774065,-14.6449825
Jacob Moore,21,0963 Oneill Ville Suite 886,Kylefurt,California,59342,40.565674,7.7017955
Alisha Anderson,56,1112 Kristin Isle Apt. 651,Morseburgh,North Carolina,96841,-70.718071,40.3453595
Meghan Lopez,59,2353 Andrew Fork Suite 360,Brandonton,Iowa,71825,-85.023708,-0.0105595
Cameron Bailey,71,2900 Krystal Circles Suite 562,Josephshire,Hawaii,37503,7.055046,-13.5993335
Kelly Odonnell,79,5265 Michael Field Suite 673,Lake Josephtown,New Hampshire,29449,-22.355838,-13.311898
Michael Dodson,23,20062 Brian Plain,Shelleyborough,Missouri,80436,121.605974,57.4629595
Laura Jones,55,18247 Weaver Squares,Lake Kevintown,Minnesota,17051,41.372283,9.649156
Sean Santos,55,1865 Parks Turnpike,Port Danielborough,Nevada,97752,-154.641310,-85.962071
Michele White,35,22067 Lawson Knoll Suite 658,Lewismouth,Hawaii,67336,93.377756,-30.0536035
Stephanie Wright,20,359 Lauren Branch Apt. 666,Lake Shannonview,Pennsylvania,14729,38.632730,82.9664575
Timothy Vaughan,36,09802 Rachel Flats Apt. 453,Rodneyhaven,Arizona,21123,-108.518096,-84.912062
Bryan Baker,38,7709 Kristina Manor,North Jasonberg,Hawaii,48342,-56.523965,29.0701525
Christopher Myers,62,63905 Connie Rapids,Parkhaven,Oregon,21782,117.720075,-66.558385
Chelsea Dunn,50,636 Charlene Cliff Apt. 239,Johnsontown,Kentucky,80610,-154.480215,30.6798515
Steven Young,70,7650 Brittany Prairie,Lake Amandaview,Louisiana,54929,-8.891203,-47.9984905
Joanne Montgomery,20,90211 Patricia Pike,East Elizabeth,Massachusetts,79769,123.426121,-1.338417
David Johnson,50,568 Leah Lake Suite 955,Port John,Louisiana,14793,-31.971765,32.381027
Cory Gomez,68,429 Ramirez Freeway Apt. 285,Monroefort,Vermont,02935,-154.683899,24.535922
Megan Sims,69,1415 Christian Lane,West Paulmouth,Delaware,71547,100.466171,55.0057475
Crystal Johnson,66,8931 Mendoza Lodge,New Stephanie,Massachusetts,06410,-61.672175,9.879637
James Carey,65,751 Edward Manors Suite 037,Aaronbury,Oregon,78298,85.780411,12.4429215
Matthew Weaver,18,193 Johnny Overpass Suite 464,Hunterfort,Missouri,57115,1.672689,58.9168925
Bryan Fry,44,397 Reed Common,West Nancy,Illinois,64693,80.008478,74.1818585
Derek Lowe,42,78196 Obrien Ford,New Paulborough,Idaho,50121,-12.478014,58.3587155
Jordan Jackson,33,7474 Lester Drive,Port April,Texas,80071,-143.900093,24.3029295
Samuel Morgan II,57,6782 Robertson Ports,Ronaldfurt,South Carolina,78156,-84.677603,-88.646720
Dawn Garcia,25,4026 Mathew Port Apt. 319,West Heatherport,West Virginia,94773,74.776164,60.5829615
Steven Moreno,69,13187 Debbie Squares Suite 640,Denisemouth,California,15330,-21.317887,69.3954475
Evan Cline,68,721 David Overpass Apt. 386,Johnberg,Oklahoma,39251,-24.387994,-65.3128735
Jennifer Bailey,40,3222 Gary Light,East Johnhaven,Kansas,47004,-171.730963,58.966210
Annette Parker,35,69474 Heather Vista Suite 477,Carmenmouth,Utah,41596,-55.502313,27.9522405
Jeffery Turner,68,9057 Katie Forks,South Christinebury,North Carolina,48637,99.988777,-77.6804185
Gregory Woods MD,26,907 Alvarado Corners,New Ashleymouth,New Hampshire,25413,8.375149,-18.2038585
Amy Munoz,57,831 Stephanie Ford Suite 986,Kristenview,Delaware,13293,95.589415,-11.154746
Dawn Bowman,68,7092 Keith Square Suite 778,Lake Tiffany,New Hampshire,86319,-174.302094,-4.8759745
Michael Matthews,19,81570 Stanley Row,Burkeland,Colorado,23993,-93.888838,-27.970562
Diana Thomas,69,93609 Houston Expressway Apt. 999,Emmachester,Minnesota,33315,12.433132,73.5556185
Kelsey Bradley,30,56233 Best Locks,Maciaschester,Tennessee,65577,24.210512,-16.280678
Rebekah Trujillo MD,72,6617 Newman Ways,Port Hayley,New York,24033,139.353597,83.9955615
Danny Mcclure,75,55973 Tracy Stream,North Dianeside,Kentucky,76437,126.707035,68.512216
Vickie Sanchez,58,5480 Carter Drives Apt. 751,North Michael,Nevada,45816,-142.486013,-84.338635
Jeffrey Fuentes,68,1706 Joshua Lodge Suite 589,Hudsonburgh,Maryland,58649,148.823132,37.7284895
Joann Perez,29,16989 Sherman Corners,West Hollyberg,Oregon,78805,-39.492041,-41.338161
Katherine Weeks,74,966 Michael Isle Suite 788,South Roberta,Alaska,29606,160.082008,5.211145
Jasmine White,54,8560 Neal Pines,Josephport,Delaware,71911,149.828980,-39.9296305
Patrick Ritter,64,356 Ryan Summit Apt. 956,Port Pamelamouth,North Carolina,43910,112.223109,46.814017
Charles Wilkerson,57,85607 Vanessa Ramp Suite 187,Maryshire,Tennessee,58256,2.129565,-82.5861755
John West,19,3992 Jessica Mills Suite 004,Seanstad,Arizona,23579,-112.752437,-84.4890945
Billy Lucero,45,113 Emma Manor,Mcgrathfort,Pennsylvania,66941,-33.096648,-36.0267545
Stephanie Hill,50,6091 Thomas Burg Apt. 265,North Stephen,Iowa,25236,-100.030751,-26.393452
Connor Parker,31,81022 Rivers Circle Suite 023,South Codyview,Virginia,71785,23.021305,23.1275975
Joshua Jones,77,097 Richard Land,Johnnyhaven,Oklahoma,68965,-20.608816,-52.8407595
Michelle Smith,41,100 Jonathan Glens Suite 631,Pagebury,Virginia,29954,63.955245,-18.403807
Taylor Gonzalez,64,5928 Sandra Fords,Brendanton,New York,07618,-63.585030,7.9229535
Elizabeth Todd,36,1933 Thomas Fork Apt. 571,Weberside,Maine,06837,115.714662,-6.2307655
Diane Perry,59,135 Alicia Union,Lake Danaview,Michigan,57969,69.048439,61.7326115
Shannon Cook,53,1568 Montes Highway Suite 638,East Robert,Alabama,92059,155.983942,-8.0886535
Patrick Miles,28,335 Oliver Junction Apt. 936,Meganchester,Nebraska,78223,-65.797843,68.7151615
Michelle Ramirez,49,7384 Conley Garden,South Benjamin,North Carolina,89824,13.955758,-24.0083505
Madison Berger,43,0294 Lee Fords,Davidchester,New Jersey,02086,167.190181,24.688911
Samuel Miller,20,833 Paige Circle Apt. 037,South Benjamin,Oklahoma,74051,173.902114,38.038379
Christine Gomez,29,21316 Jonathan Alley Suite 781,West Mitchellfort,Pennsylvania,17591,98.260780,-54.5516575
Shannon Garza,47,41031 Johnny Mission,Jamieside,New Jersey,75036,-33.706030,36.412628
Christine Stafford,71,164 Pope Run Suite 657,Josephville,Alaska,56062,138.803182,69.7316555
Stephanie Campbell,65,882 Hicks Villages Suite 042,Bullockhaven,Missouri,63498,2.056591,-83.2078165
Megan Rocha,75,67234 Powell Tunnel Suite 193,Mckenziehaven,Kansas,91028,-160.962204,-50.880101
Eric Martin,56,64171 Hobbs Neck,Nicholsborough,Georgia,42699,-72.424073,78.120847
Angel Harmon,74,812 Wilson Square,Thompsonstad,Nebraska,50045,110.295230,2.3505015
Sandra Hartman,40,369 Heath Corner Apt. 752,Makaylaport,Oregon,13540,-72.288389,28.6421155
George Harris,33,13757 Patrick Rue,Port Dorischester,South Carolina,49672,-138.064706,48.3858475
Kelsey Robertson,60,287 Tasha Vista,Baileyberg,Washington,60749,112.926936,5.193188
Connor Riggs,62,8778 Houston Mountain Apt. 253,Port Jeffreymouth,New Mexico,44025,-130.395150,-4.126921
Amy Hicks DDS,21,6811 Jeremy Coves Suite 870,Barkerport,North Carolina,98227,47.446956,-12.0746115
Linda Garcia,72,591 Herman Groves Suite 210,East Anthony,Oklahoma,87256,-80.498794,-30.224490
Kelly Osborne,42,8877 Sydney Overpass,Susanshire,Maine,40809,-98.258971,71.6154905
Jessica Perez,67,198 Martinez Rest Suite 731,North Sarah,Oregon,85370,-165.565319,9.949922
John Ellis,49,6728 Tracy Union Suite 141,New Josephmouth,New Hampshire,26622,-106.412202,-45.640225
John Sullivan,32,272 Hart Pass,South James,Pennsylvania,99429,-132.926320,-76.6151565
Mrs. Felicia Williams,55,91897 Harvey Forest Apt. 911,Pamelamouth,Oregon,77465,-32.145341,58.2988345
Hector Sanchez,56,73987 Stephen Creek Suite 585,Georgechester,Connecticut,95895,129.809695,74.788642
Lee Long,21,777 David Terrace,Gavinfurt,Alaska,90521,156.318428,76.5510545
Kristi Moore,63,7721 Samuel Landing,North Tiffany,Pennsylvania,51117,-163.420034,10.6714755
Connie Nash,61,145 Brian Terrace Apt. 129,Port Andrewburgh,Wisconsin,27631,-66.523715,-67.2220395
David Oliver,68,459 Jesse Estate,West Brett,Utah,04850,-130.334296,54.5490645
Frederick Oneill,78,772 Jennifer Cliff Apt. 542,Port Daniellefort,Virginia,77922,137.071289,44.5191815
Frank Chase,75,790 Kirby Place Suite 598,North Ryan,Montana,57599,153.402075,19.428525
Kelly Cortez,44,6644 Jonathan Ramp,North Jeremy,Idaho,29701,-66.603391,4.172938
James Fowler,43,615 Diaz Courts,Rodneyhaven,Nevada,15309,62.485067,-14.0298195
Danielle Rodriguez,36,77037 Murphy Parkways,Mcintoshfort,Nevada,34764,71.724417,56.039503
Nicholas Thomas,59,4955 Evans Walks,Devinmouth,Montana,45040,135.063215,-31.555542
Martin Parker,41,2660 Rogers Lane Apt. 388,Reyesmouth,Ohio,95393,147.201868,32.010493
Cody Adams,57,80299 Hamilton Walk Suite 802,Scottburgh,North Dakota,51370,-140.600728,-41.164089
Adam Lopez,20,993 Robles Mission,Jillton,Missouri,01155,-97.829013,-68.383760
Jennifer Carter,20,1758 Wayne Union,Garciafort,Oregon,20799,145.563694,26.5130065
David Baldwin,72,834 Ferguson Springs,West Rachel,Illinois,73520,-160.884920,-7.047617
Keith Mckenzie,24,92227 Nicole Highway,South Jamesfort,Nevada,23179,167.785023,-17.767252
Jesse Carter,65,17136 Ashley Ports,Christopherville,Georgia,89998,175.421197,-73.257245
Joshua Clark,39,1115 Stephanie Trafficway Apt. 995,Martinezville,Missouri,68429,65.754797,-66.485490
John Brown,62,11534 Gould Lakes,Lake Sherrytown,New Hampshire,07041,88.981592,-38.608808
Carl Walsh,63,697 Sean Walk,Lake Miatown,Oregon,54078,-170.723472,-16.1167065
David Rice,70,31225 Ford Square Suite 163,Jeremiahville,North Dakota,36153,-22.462388,-46.3827035
John Taylor,36,957 Beasley Ranch Apt. 312,Fosterton,North Carolina,62346,19.132351,-48.820148
Sarah Smith,76,95428 Castillo Place,New Shannonfurt,Alaska,97913,25.824793,-16.9005545
Charles Tran,47,811 Mcdaniel Spur,South Ronaldport,New Jersey,13441,10.638901,-6.4299965
Sara Brown,78,8741 Elizabeth Overpass,New Latoyaville,West Virginia,05377,162.341459,5.6924855
Ms. Victoria Haas,60,8197 Aaron Center Apt. 470,South Dylanfurt,New Jersey,86137,-84.333385,68.582366
Tara Skinner,70,8056 Alejandro Passage,Port Ryanbury,Nebraska,82673,59.459909,-50.744393
Randy Humphrey,74,52019 Cowan Wall Suite 413,Lake Erika,Ohio,45608,-161.948381,33.450149
Andrew Jarvis,39,74855 Scott Radial Apt. 431,Valenciaberg,Colorado,46073,56.920020,-44.203552
Andrea Lynch,70,2630 Lisa Springs Suite 572,Mercershire,Kentucky,96683,-152.106064,13.344872
Samuel Garcia,31,36470 Tina Haven,Julianport,Florida,45900,-30.203632,6.431058
Eric Williams,44,322 Sarah Pines Apt. 708,East Curtismouth,New York,90395,-141.579807,-77.354339
Denise Morris,42,565 Mathews Radial Suite 140,South Johnchester,Wyoming,93949,38.518073,46.170881
Randall Brown,70,69372 Williams Ford,Port Jonburgh,Alabama,33548,-64.526260,-62.3189215
Robert Davis,52,7260 Douglas Place Apt. 722,East Michael,New Mexico,32744,118.516969,77.730716
Thomas Avila,71,394 Dominguez Place Suite 587,Andersonborough,South Dakota,20271,73.389833,21.5758665
Melissa Rollins,70,6623 Steven Lock Apt. 243,Kevinside,Hawaii,64464,-61.969542,-40.6769125
Kevin Williams,21,4640 Andrea Fall,South Douglasberg,Montana,57380,-135.915022,80.2237295
